Copyright 1986-2022 Xilinx, Inc. All Rights Reserved. Copyright 2022-2023 Advanced Micro Devices, Inc. All Rights Reserved.
---------------------------------------------------------------------------------------------------------------------------------------------------------------------------------------------------------------------------------------------
| Tool Version : Vivado v.2023.2 (win64) Build 4029153 Fri Oct 13 20:14:34 MDT 2023
| Date         : Wed Oct  1 10:30:08 2025
| Host         : DESKTOP-ROOSFVQ running 64-bit major release  (build 9200)
| Command      : report_timing_summary -max_paths 10 -report_unconstrained -file TrafficLight_top_timing_summary_routed.rpt -pb TrafficLight_top_timing_summary_routed.pb -rpx TrafficLight_top_timing_summary_routed.rpx -warn_on_violation
| Design       : TrafficLight_top
| Device       : 7a35t-fgg484
| Speed File   : -1  PRODUCTION 1.23 2018-06-13
| Design State : Routed
---------------------------------------------------------------------------------------------------------------------------------------------------------------------------------------------------------------------------------------------

Timing Summary Report

------------------------------------------------------------------------------------------------
| Timer Settings
| --------------
------------------------------------------------------------------------------------------------

  Enable Multi Corner Analysis               :  Yes
  Enable Pessimism Removal                   :  Yes
  Pessimism Removal Resolution               :  Nearest Common Node
  Enable Input Delay Default Clock           :  No
  Enable Preset / Clear Arcs                 :  No
  Disable Flight Delays                      :  No
  Ignore I/O Paths                           :  No
  Timing Early Launch at Borrowing Latches   :  No
  Borrow Time for Max Delay Exceptions       :  Yes
  Merge Timing Exceptions                    :  Yes
  Inter-SLR Compensation                     :  Conservative

  Corner  Analyze    Analyze    
  Name    Max Paths  Min Paths  
  ------  ---------  ---------  
  Slow    Yes        Yes        
  Fast    Yes        Yes        


------------------------------------------------------------------------------------------------
| Report Methodology
| ------------------
------------------------------------------------------------------------------------------------

Rule       Severity  Description                    Violations  
---------  --------  -----------------------------  ----------  
TIMING-18  Warning   Missing input or output delay  16          

Note: This report is based on the most recent report_methodology run and may not be up-to-date. Run report_methodology on the current design for the latest report.



check_timing report

Table of Contents
-----------------
1. checking no_clock (0)
2. checking constant_clock (0)
3. checking pulse_width_clock (0)
4. checking unconstrained_internal_endpoints (0)
5. checking no_input_delay (1)
6. checking no_output_delay (10)
7. checking multiple_clock (0)
8. checking generated_clocks (0)
9. checking loops (0)
10. checking partial_input_delay (0)
11. checking partial_output_delay (0)
12. checking latch_loops (0)

1. checking no_clock (0)
------------------------
 There are 0 register/latch pins with no clock.


2. checking constant_clock (0)
------------------------------
 There are 0 register/latch pins with constant_clock.


3. checking pulse_width_clock (0)
---------------------------------
 There are 0 register/latch pins which need pulse_width check


4. checking unconstrained_internal_endpoints (0)
------------------------------------------------
 There are 0 pins that are not constrained for maximum delay.

 There are 0 pins that are not constrained for maximum delay due to constant clock.


5. checking no_input_delay (1)
------------------------------
 There is 1 input port with no input delay specified. (HIGH)

 There are 0 input ports with no input delay but user has a false path constraint.


6. checking no_output_delay (10)
--------------------------------
 There are 10 ports with no output delay specified. (HIGH)

 There are 0 ports with no output delay but user has a false path constraint

 There are 0 ports with no output delay but with a timing clock defined on it or propagating through it


7. checking multiple_clock (0)
------------------------------
 There are 0 register/latch pins with multiple clocks.


8. checking generated_clocks (0)
--------------------------------
 There are 0 generated clocks that are not connected to a clock source.


9. checking loops (0)
---------------------
 There are 0 combinational loops in the design.


10. checking partial_input_delay (0)
------------------------------------
 There are 0 input ports with partial input delay specified.


11. checking partial_output_delay (0)
-------------------------------------
 There are 0 ports with partial output delay specified.


12. checking latch_loops (0)
----------------------------
 There are 0 combinational latch loops in the design through latch input



------------------------------------------------------------------------------------------------
| Design Timing Summary
| ---------------------
------------------------------------------------------------------------------------------------

    WNS(ns)      TNS(ns)  TNS Failing Endpoints  TNS Total Endpoints      WHS(ns)      THS(ns)  THS Failing Endpoints  THS Total Endpoints     WPWS(ns)     TPWS(ns)  TPWS Failing Endpoints  TPWS Total Endpoints  
    -------      -------  ---------------------  -------------------      -------      -------  ---------------------  -------------------     --------     --------  ----------------------  --------------------  
      5.172        0.000                      0                  320        0.189        0.000                      0                  320        4.500        0.000                       0                   151  


All user specified timing constraints are met.


------------------------------------------------------------------------------------------------
| Clock Summary
| -------------
------------------------------------------------------------------------------------------------

Clock        Waveform(ns)       Period(ns)      Frequency(MHz)
-----        ------------       ----------      --------------
sys_clk_pin  {0.000 5.000}      10.000          100.000         


------------------------------------------------------------------------------------------------
| Intra Clock Table
| -----------------
------------------------------------------------------------------------------------------------

Clock             WNS(ns)      TNS(ns)  TNS Failing Endpoints  TNS Total Endpoints      WHS(ns)      THS(ns)  THS Failing Endpoints  THS Total Endpoints     WPWS(ns)     TPWS(ns)  TPWS Failing Endpoints  TPWS Total Endpoints  
-----             -------      -------  ---------------------  -------------------      -------      -------  ---------------------  -------------------     --------     --------  ----------------------  --------------------  
sys_clk_pin         5.172        0.000                      0                  320        0.189        0.000                      0                  320        4.500        0.000                       0                   151  


------------------------------------------------------------------------------------------------
| Inter Clock Table
| -----------------
------------------------------------------------------------------------------------------------

From Clock    To Clock          WNS(ns)      TNS(ns)  TNS Failing Endpoints  TNS Total Endpoints      WHS(ns)      THS(ns)  THS Failing Endpoints  THS Total Endpoints  
----------    --------          -------      -------  ---------------------  -------------------      -------      -------  ---------------------  -------------------  


------------------------------------------------------------------------------------------------
| Other Path Groups Table
| -----------------------
------------------------------------------------------------------------------------------------

Path Group    From Clock    To Clock          WNS(ns)      TNS(ns)  TNS Failing Endpoints  TNS Total Endpoints      WHS(ns)      THS(ns)  THS Failing Endpoints  THS Total Endpoints  
----------    ----------    --------          -------      -------  ---------------------  -------------------      -------      -------  ---------------------  -------------------  


------------------------------------------------------------------------------------------------
| User Ignored Path Table
| -----------------------
------------------------------------------------------------------------------------------------

Path Group    From Clock    To Clock    
----------    ----------    --------    


------------------------------------------------------------------------------------------------
| Unconstrained Path Table
| ------------------------
------------------------------------------------------------------------------------------------

Path Group    From Clock    To Clock    
----------    ----------    --------    
(none)        sys_clk_pin                 
(none)                      sys_clk_pin   


------------------------------------------------------------------------------------------------
| Timing Details
| --------------
------------------------------------------------------------------------------------------------


---------------------------------------------------------------------------------------------------
From Clock:  sys_clk_pin
  To Clock:  sys_clk_pin

Setup :            0  Failing Endpoints,  Worst Slack        5.172ns,  Total Violation        0.000ns
Hold  :            0  Failing Endpoints,  Worst Slack        0.189ns,  Total Violation        0.000ns
PW    :            0  Failing Endpoints,  Worst Slack        4.500ns,  Total Violation        0.000ns
---------------------------------------------------------------------------------------------------


Max Delay Paths
--------------------------------------------------------------------------------------
Slack (MET) :             5.172ns  (required time - arrival time)
  Source:                 tl/yellow_counter/count_reg[8]/C
                            (rising edge-triggered cell FDRE clocked by sys_clk_pin  {rise@0.000ns fall@5.000ns period=10.000ns})
  Destination:            tl/yellow_counter/counter_reg[1]/CE
                            (rising edge-triggered cell FDRE clocked by sys_clk_pin  {rise@0.000ns fall@5.000ns period=10.000ns})
  Path Group:             sys_clk_pin
  Path Type:              Setup (Max at Slow Process Corner)
  Requirement:            10.000ns  (sys_clk_pin rise@10.000ns - sys_clk_pin rise@0.000ns)
  Data Path Delay:        4.563ns  (logic 0.966ns (21.170%)  route 3.597ns (78.830%))
  Logic Levels:           3  (LUT3=1 LUT6=2)
  Clock Path Skew:        -0.025ns (DCD - SCD + CPR)
    Destination Clock Delay (DCD):    5.049ns = ( 15.049 - 10.000 ) 
    Source Clock Delay      (SCD):    5.354ns
    Clock Pessimism Removal (CPR):    0.280ns
  Clock Uncertainty:      0.035ns  ((TSJ^2 + TIJ^2)^1/2 + DJ) / 2 + PE
    Total System Jitter     (TSJ):    0.071ns
    Total Input Jitter      (TIJ):    0.000ns
    Discrete Jitter          (DJ):    0.000ns
    Phase Error              (PE):    0.000ns

    Location             Delay type                Incr(ns)  Path(ns)    Netlist Resource(s)
  -------------------------------------------------------------------    -------------------
                         (clock sys_clk_pin rise edge)
                                                      0.000     0.000 r  
    V18                                               0.000     0.000 r  clk (IN)
                         net (fo=0)                   0.000     0.000    clk
    V18                  IBUF (Prop_ibuf_I_O)         1.483     1.483 r  clk_IBUF_inst/O
                         net (fo=1, routed)           1.972     3.455    clk_IBUF
    BUFGCTRL_X0Y0        BUFG (Prop_bufg_I_O)         0.096     3.551 r  clk_IBUF_BUFG_inst/O
                         net (fo=150, routed)         1.803     5.354    tl/yellow_counter/CLK
    SLICE_X5Y135         FDRE                                         r  tl/yellow_counter/count_reg[8]/C
  -------------------------------------------------------------------    -------------------
    SLICE_X5Y135         FDRE (Prop_fdre_C_Q)         0.419     5.773 f  tl/yellow_counter/count_reg[8]/Q
                         net (fo=3, routed)           1.987     7.760    tl/yellow_counter/count_reg_n_0_[8]
    SLICE_X5Y138         LUT6 (Prop_lut6_I0_O)        0.299     8.059 f  tl/yellow_counter/counter[7]_i_6__0/O
                         net (fo=1, routed)           0.583     8.642    tl/yellow_counter/counter[7]_i_6__0_n_0
    SLICE_X7Y138         LUT6 (Prop_lut6_I0_O)        0.124     8.766 f  tl/yellow_counter/counter[7]_i_4__0/O
                         net (fo=1, routed)           0.402     9.168    tl/yellow_counter/counter[7]_i_4__0_n_0
    SLICE_X7Y138         LUT3 (Prop_lut3_I1_O)        0.124     9.292 r  tl/yellow_counter/counter[7]_i_2__0/O
                         net (fo=8, routed)           0.625     9.917    tl/yellow_counter/counter[7]_i_2__0_n_0
    SLICE_X5Y136         FDRE                                         r  tl/yellow_counter/counter_reg[1]/CE
  -------------------------------------------------------------------    -------------------

                         (clock sys_clk_pin rise edge)
                                                     10.000    10.000 r  
    V18                                               0.000    10.000 r  clk (IN)
                         net (fo=0)                   0.000    10.000    clk
    V18                  IBUF (Prop_ibuf_I_O)         1.413    11.413 r  clk_IBUF_inst/O
                         net (fo=1, routed)           1.868    13.281    clk_IBUF
    BUFGCTRL_X0Y0        BUFG (Prop_bufg_I_O)         0.091    13.372 r  clk_IBUF_BUFG_inst/O
                         net (fo=150, routed)         1.677    15.049    tl/yellow_counter/CLK
    SLICE_X5Y136         FDRE                                         r  tl/yellow_counter/counter_reg[1]/C
                         clock pessimism              0.280    15.329    
                         clock uncertainty           -0.035    15.294    
    SLICE_X5Y136         FDRE (Setup_fdre_C_CE)      -0.205    15.089    tl/yellow_counter/counter_reg[1]
  -------------------------------------------------------------------
                         required time                         15.089    
                         arrival time                          -9.917    
  -------------------------------------------------------------------
                         slack                                  5.172    

Slack (MET) :             5.172ns  (required time - arrival time)
  Source:                 tl/yellow_counter/count_reg[8]/C
                            (rising edge-triggered cell FDRE clocked by sys_clk_pin  {rise@0.000ns fall@5.000ns period=10.000ns})
  Destination:            tl/yellow_counter/counter_reg[2]/CE
                            (rising edge-triggered cell FDRE clocked by sys_clk_pin  {rise@0.000ns fall@5.000ns period=10.000ns})
  Path Group:             sys_clk_pin
  Path Type:              Setup (Max at Slow Process Corner)
  Requirement:            10.000ns  (sys_clk_pin rise@10.000ns - sys_clk_pin rise@0.000ns)
  Data Path Delay:        4.563ns  (logic 0.966ns (21.170%)  route 3.597ns (78.830%))
  Logic Levels:           3  (LUT3=1 LUT6=2)
  Clock Path Skew:        -0.025ns (DCD - SCD + CPR)
    Destination Clock Delay (DCD):    5.049ns = ( 15.049 - 10.000 ) 
    Source Clock Delay      (SCD):    5.354ns
    Clock Pessimism Removal (CPR):    0.280ns
  Clock Uncertainty:      0.035ns  ((TSJ^2 + TIJ^2)^1/2 + DJ) / 2 + PE
    Total System Jitter     (TSJ):    0.071ns
    Total Input Jitter      (TIJ):    0.000ns
    Discrete Jitter          (DJ):    0.000ns
    Phase Error              (PE):    0.000ns

    Location             Delay type                Incr(ns)  Path(ns)    Netlist Resource(s)
  -------------------------------------------------------------------    -------------------
                         (clock sys_clk_pin rise edge)
                                                      0.000     0.000 r  
    V18                                               0.000     0.000 r  clk (IN)
                         net (fo=0)                   0.000     0.000    clk
    V18                  IBUF (Prop_ibuf_I_O)         1.483     1.483 r  clk_IBUF_inst/O
                         net (fo=1, routed)           1.972     3.455    clk_IBUF
    BUFGCTRL_X0Y0        BUFG (Prop_bufg_I_O)         0.096     3.551 r  clk_IBUF_BUFG_inst/O
                         net (fo=150, routed)         1.803     5.354    tl/yellow_counter/CLK
    SLICE_X5Y135         FDRE                                         r  tl/yellow_counter/count_reg[8]/C
  -------------------------------------------------------------------    -------------------
    SLICE_X5Y135         FDRE (Prop_fdre_C_Q)         0.419     5.773 f  tl/yellow_counter/count_reg[8]/Q
                         net (fo=3, routed)           1.987     7.760    tl/yellow_counter/count_reg_n_0_[8]
    SLICE_X5Y138         LUT6 (Prop_lut6_I0_O)        0.299     8.059 f  tl/yellow_counter/counter[7]_i_6__0/O
                         net (fo=1, routed)           0.583     8.642    tl/yellow_counter/counter[7]_i_6__0_n_0
    SLICE_X7Y138         LUT6 (Prop_lut6_I0_O)        0.124     8.766 f  tl/yellow_counter/counter[7]_i_4__0/O
                         net (fo=1, routed)           0.402     9.168    tl/yellow_counter/counter[7]_i_4__0_n_0
    SLICE_X7Y138         LUT3 (Prop_lut3_I1_O)        0.124     9.292 r  tl/yellow_counter/counter[7]_i_2__0/O
                         net (fo=8, routed)           0.625     9.917    tl/yellow_counter/counter[7]_i_2__0_n_0
    SLICE_X5Y136         FDRE                                         r  tl/yellow_counter/counter_reg[2]/CE
  -------------------------------------------------------------------    -------------------

                         (clock sys_clk_pin rise edge)
                                                     10.000    10.000 r  
    V18                                               0.000    10.000 r  clk (IN)
                         net (fo=0)                   0.000    10.000    clk
    V18                  IBUF (Prop_ibuf_I_O)         1.413    11.413 r  clk_IBUF_inst/O
                         net (fo=1, routed)           1.868    13.281    clk_IBUF
    BUFGCTRL_X0Y0        BUFG (Prop_bufg_I_O)         0.091    13.372 r  clk_IBUF_BUFG_inst/O
                         net (fo=150, routed)         1.677    15.049    tl/yellow_counter/CLK
    SLICE_X5Y136         FDRE                                         r  tl/yellow_counter/counter_reg[2]/C
                         clock pessimism              0.280    15.329    
                         clock uncertainty           -0.035    15.294    
    SLICE_X5Y136         FDRE (Setup_fdre_C_CE)      -0.205    15.089    tl/yellow_counter/counter_reg[2]
  -------------------------------------------------------------------
                         required time                         15.089    
                         arrival time                          -9.917    
  -------------------------------------------------------------------
                         slack                                  5.172    

Slack (MET) :             5.172ns  (required time - arrival time)
  Source:                 tl/yellow_counter/count_reg[8]/C
                            (rising edge-triggered cell FDRE clocked by sys_clk_pin  {rise@0.000ns fall@5.000ns period=10.000ns})
  Destination:            tl/yellow_counter/counter_reg[6]/CE
                            (rising edge-triggered cell FDRE clocked by sys_clk_pin  {rise@0.000ns fall@5.000ns period=10.000ns})
  Path Group:             sys_clk_pin
  Path Type:              Setup (Max at Slow Process Corner)
  Requirement:            10.000ns  (sys_clk_pin rise@10.000ns - sys_clk_pin rise@0.000ns)
  Data Path Delay:        4.563ns  (logic 0.966ns (21.170%)  route 3.597ns (78.830%))
  Logic Levels:           3  (LUT3=1 LUT6=2)
  Clock Path Skew:        -0.025ns (DCD - SCD + CPR)
    Destination Clock Delay (DCD):    5.049ns = ( 15.049 - 10.000 ) 
    Source Clock Delay      (SCD):    5.354ns
    Clock Pessimism Removal (CPR):    0.280ns
  Clock Uncertainty:      0.035ns  ((TSJ^2 + TIJ^2)^1/2 + DJ) / 2 + PE
    Total System Jitter     (TSJ):    0.071ns
    Total Input Jitter      (TIJ):    0.000ns
    Discrete Jitter          (DJ):    0.000ns
    Phase Error              (PE):    0.000ns

    Location             Delay type                Incr(ns)  Path(ns)    Netlist Resource(s)
  -------------------------------------------------------------------    -------------------
                         (clock sys_clk_pin rise edge)
                                                      0.000     0.000 r  
    V18                                               0.000     0.000 r  clk (IN)
                         net (fo=0)                   0.000     0.000    clk
    V18                  IBUF (Prop_ibuf_I_O)         1.483     1.483 r  clk_IBUF_inst/O
                         net (fo=1, routed)           1.972     3.455    clk_IBUF
    BUFGCTRL_X0Y0        BUFG (Prop_bufg_I_O)         0.096     3.551 r  clk_IBUF_BUFG_inst/O
                         net (fo=150, routed)         1.803     5.354    tl/yellow_counter/CLK
    SLICE_X5Y135         FDRE                                         r  tl/yellow_counter/count_reg[8]/C
  -------------------------------------------------------------------    -------------------
    SLICE_X5Y135         FDRE (Prop_fdre_C_Q)         0.419     5.773 f  tl/yellow_counter/count_reg[8]/Q
                         net (fo=3, routed)           1.987     7.760    tl/yellow_counter/count_reg_n_0_[8]
    SLICE_X5Y138         LUT6 (Prop_lut6_I0_O)        0.299     8.059 f  tl/yellow_counter/counter[7]_i_6__0/O
                         net (fo=1, routed)           0.583     8.642    tl/yellow_counter/counter[7]_i_6__0_n_0
    SLICE_X7Y138         LUT6 (Prop_lut6_I0_O)        0.124     8.766 f  tl/yellow_counter/counter[7]_i_4__0/O
                         net (fo=1, routed)           0.402     9.168    tl/yellow_counter/counter[7]_i_4__0_n_0
    SLICE_X7Y138         LUT3 (Prop_lut3_I1_O)        0.124     9.292 r  tl/yellow_counter/counter[7]_i_2__0/O
                         net (fo=8, routed)           0.625     9.917    tl/yellow_counter/counter[7]_i_2__0_n_0
    SLICE_X5Y136         FDRE                                         r  tl/yellow_counter/counter_reg[6]/CE
  -------------------------------------------------------------------    -------------------

                         (clock sys_clk_pin rise edge)
                                                     10.000    10.000 r  
    V18                                               0.000    10.000 r  clk (IN)
                         net (fo=0)                   0.000    10.000    clk
    V18                  IBUF (Prop_ibuf_I_O)         1.413    11.413 r  clk_IBUF_inst/O
                         net (fo=1, routed)           1.868    13.281    clk_IBUF
    BUFGCTRL_X0Y0        BUFG (Prop_bufg_I_O)         0.091    13.372 r  clk_IBUF_BUFG_inst/O
                         net (fo=150, routed)         1.677    15.049    tl/yellow_counter/CLK
    SLICE_X5Y136         FDRE                                         r  tl/yellow_counter/counter_reg[6]/C
                         clock pessimism              0.280    15.329    
                         clock uncertainty           -0.035    15.294    
    SLICE_X5Y136         FDRE (Setup_fdre_C_CE)      -0.205    15.089    tl/yellow_counter/counter_reg[6]
  -------------------------------------------------------------------
                         required time                         15.089    
                         arrival time                          -9.917    
  -------------------------------------------------------------------
                         slack                                  5.172    

Slack (MET) :             5.172ns  (required time - arrival time)
  Source:                 tl/yellow_counter/count_reg[8]/C
                            (rising edge-triggered cell FDRE clocked by sys_clk_pin  {rise@0.000ns fall@5.000ns period=10.000ns})
  Destination:            tl/yellow_counter/counter_reg[7]/CE
                            (rising edge-triggered cell FDRE clocked by sys_clk_pin  {rise@0.000ns fall@5.000ns period=10.000ns})
  Path Group:             sys_clk_pin
  Path Type:              Setup (Max at Slow Process Corner)
  Requirement:            10.000ns  (sys_clk_pin rise@10.000ns - sys_clk_pin rise@0.000ns)
  Data Path Delay:        4.563ns  (logic 0.966ns (21.170%)  route 3.597ns (78.830%))
  Logic Levels:           3  (LUT3=1 LUT6=2)
  Clock Path Skew:        -0.025ns (DCD - SCD + CPR)
    Destination Clock Delay (DCD):    5.049ns = ( 15.049 - 10.000 ) 
    Source Clock Delay      (SCD):    5.354ns
    Clock Pessimism Removal (CPR):    0.280ns
  Clock Uncertainty:      0.035ns  ((TSJ^2 + TIJ^2)^1/2 + DJ) / 2 + PE
    Total System Jitter     (TSJ):    0.071ns
    Total Input Jitter      (TIJ):    0.000ns
    Discrete Jitter          (DJ):    0.000ns
    Phase Error              (PE):    0.000ns

    Location             Delay type                Incr(ns)  Path(ns)    Netlist Resource(s)
  -------------------------------------------------------------------    -------------------
                         (clock sys_clk_pin rise edge)
                                                      0.000     0.000 r  
    V18                                               0.000     0.000 r  clk (IN)
                         net (fo=0)                   0.000     0.000    clk
    V18                  IBUF (Prop_ibuf_I_O)         1.483     1.483 r  clk_IBUF_inst/O
                         net (fo=1, routed)           1.972     3.455    clk_IBUF
    BUFGCTRL_X0Y0        BUFG (Prop_bufg_I_O)         0.096     3.551 r  clk_IBUF_BUFG_inst/O
                         net (fo=150, routed)         1.803     5.354    tl/yellow_counter/CLK
    SLICE_X5Y135         FDRE                                         r  tl/yellow_counter/count_reg[8]/C
  -------------------------------------------------------------------    -------------------
    SLICE_X5Y135         FDRE (Prop_fdre_C_Q)         0.419     5.773 f  tl/yellow_counter/count_reg[8]/Q
                         net (fo=3, routed)           1.987     7.760    tl/yellow_counter/count_reg_n_0_[8]
    SLICE_X5Y138         LUT6 (Prop_lut6_I0_O)        0.299     8.059 f  tl/yellow_counter/counter[7]_i_6__0/O
                         net (fo=1, routed)           0.583     8.642    tl/yellow_counter/counter[7]_i_6__0_n_0
    SLICE_X7Y138         LUT6 (Prop_lut6_I0_O)        0.124     8.766 f  tl/yellow_counter/counter[7]_i_4__0/O
                         net (fo=1, routed)           0.402     9.168    tl/yellow_counter/counter[7]_i_4__0_n_0
    SLICE_X7Y138         LUT3 (Prop_lut3_I1_O)        0.124     9.292 r  tl/yellow_counter/counter[7]_i_2__0/O
                         net (fo=8, routed)           0.625     9.917    tl/yellow_counter/counter[7]_i_2__0_n_0
    SLICE_X5Y136         FDRE                                         r  tl/yellow_counter/counter_reg[7]/CE
  -------------------------------------------------------------------    -------------------

                         (clock sys_clk_pin rise edge)
                                                     10.000    10.000 r  
    V18                                               0.000    10.000 r  clk (IN)
                         net (fo=0)                   0.000    10.000    clk
    V18                  IBUF (Prop_ibuf_I_O)         1.413    11.413 r  clk_IBUF_inst/O
                         net (fo=1, routed)           1.868    13.281    clk_IBUF
    BUFGCTRL_X0Y0        BUFG (Prop_bufg_I_O)         0.091    13.372 r  clk_IBUF_BUFG_inst/O
                         net (fo=150, routed)         1.677    15.049    tl/yellow_counter/CLK
    SLICE_X5Y136         FDRE                                         r  tl/yellow_counter/counter_reg[7]/C
                         clock pessimism              0.280    15.329    
                         clock uncertainty           -0.035    15.294    
    SLICE_X5Y136         FDRE (Setup_fdre_C_CE)      -0.205    15.089    tl/yellow_counter/counter_reg[7]
  -------------------------------------------------------------------
                         required time                         15.089    
                         arrival time                          -9.917    
  -------------------------------------------------------------------
                         slack                                  5.172    

Slack (MET) :             5.276ns  (required time - arrival time)
  Source:                 tl/green_counter/count_reg[29]/C
                            (rising edge-triggered cell FDRE clocked by sys_clk_pin  {rise@0.000ns fall@5.000ns period=10.000ns})
  Destination:            tl/green_counter/counter_reg[0]/CE
                            (rising edge-triggered cell FDRE clocked by sys_clk_pin  {rise@0.000ns fall@5.000ns period=10.000ns})
  Path Group:             sys_clk_pin
  Path Type:              Setup (Max at Slow Process Corner)
  Requirement:            10.000ns  (sys_clk_pin rise@10.000ns - sys_clk_pin rise@0.000ns)
  Data Path Delay:        4.510ns  (logic 1.027ns (22.772%)  route 3.483ns (77.228%))
  Logic Levels:           3  (LUT3=1 LUT4=1 LUT6=1)
  Clock Path Skew:        0.026ns (DCD - SCD + CPR)
    Destination Clock Delay (DCD):    5.047ns = ( 15.047 - 10.000 ) 
    Source Clock Delay      (SCD):    5.287ns
    Clock Pessimism Removal (CPR):    0.266ns
  Clock Uncertainty:      0.035ns  ((TSJ^2 + TIJ^2)^1/2 + DJ) / 2 + PE
    Total System Jitter     (TSJ):    0.071ns
    Total Input Jitter      (TIJ):    0.000ns
    Discrete Jitter          (DJ):    0.000ns
    Phase Error              (PE):    0.000ns

    Location             Delay type                Incr(ns)  Path(ns)    Netlist Resource(s)
  -------------------------------------------------------------------    -------------------
                         (clock sys_clk_pin rise edge)
                                                      0.000     0.000 r  
    V18                                               0.000     0.000 r  clk (IN)
                         net (fo=0)                   0.000     0.000    clk
    V18                  IBUF (Prop_ibuf_I_O)         1.483     1.483 r  clk_IBUF_inst/O
                         net (fo=1, routed)           1.972     3.455    clk_IBUF
    BUFGCTRL_X0Y0        BUFG (Prop_bufg_I_O)         0.096     3.551 r  clk_IBUF_BUFG_inst/O
                         net (fo=150, routed)         1.736     5.287    tl/green_counter/CLK
    SLICE_X8Y137         FDRE                                         r  tl/green_counter/count_reg[29]/C
  -------------------------------------------------------------------    -------------------
    SLICE_X8Y137         FDRE (Prop_fdre_C_Q)         0.478     5.765 f  tl/green_counter/count_reg[29]/Q
                         net (fo=2, routed)           1.111     6.876    tl/green_counter/count_reg_n_0_[29]
    SLICE_X7Y135         LUT4 (Prop_lut4_I0_O)        0.301     7.177 f  tl/green_counter/count[31]_i_8/O
                         net (fo=1, routed)           0.548     7.725    tl/green_counter/count[31]_i_8_n_0
    SLICE_X8Y135         LUT6 (Prop_lut6_I4_O)        0.124     7.849 r  tl/green_counter/count[31]_i_4/O
                         net (fo=32, routed)          0.624     8.473    tl/green_counter/count[31]_i_4_n_0
    SLICE_X9Y136         LUT3 (Prop_lut3_I0_O)        0.124     8.597 r  tl/green_counter/counter[7]_i_2/O
                         net (fo=8, routed)           1.200     9.797    tl/green_counter/counter[7]_i_2_n_0
    SLICE_X4Y133         FDRE                                         r  tl/green_counter/counter_reg[0]/CE
  -------------------------------------------------------------------    -------------------

                         (clock sys_clk_pin rise edge)
                                                     10.000    10.000 r  
    V18                                               0.000    10.000 r  clk (IN)
                         net (fo=0)                   0.000    10.000    clk
    V18                  IBUF (Prop_ibuf_I_O)         1.413    11.413 r  clk_IBUF_inst/O
                         net (fo=1, routed)           1.868    13.281    clk_IBUF
    BUFGCTRL_X0Y0        BUFG (Prop_bufg_I_O)         0.091    13.372 r  clk_IBUF_BUFG_inst/O
                         net (fo=150, routed)         1.675    15.047    tl/green_counter/CLK
    SLICE_X4Y133         FDRE                                         r  tl/green_counter/counter_reg[0]/C
                         clock pessimism              0.266    15.313    
                         clock uncertainty           -0.035    15.278    
    SLICE_X4Y133         FDRE (Setup_fdre_C_CE)      -0.205    15.073    tl/green_counter/counter_reg[0]
  -------------------------------------------------------------------
                         required time                         15.073    
                         arrival time                          -9.797    
  -------------------------------------------------------------------
                         slack                                  5.276    

Slack (MET) :             5.314ns  (required time - arrival time)
  Source:                 tl/yellow_counter/count_reg[8]/C
                            (rising edge-triggered cell FDRE clocked by sys_clk_pin  {rise@0.000ns fall@5.000ns period=10.000ns})
  Destination:            tl/yellow_counter/counter_reg[0]/CE
                            (rising edge-triggered cell FDRE clocked by sys_clk_pin  {rise@0.000ns fall@5.000ns period=10.000ns})
  Path Group:             sys_clk_pin
  Path Type:              Setup (Max at Slow Process Corner)
  Requirement:            10.000ns  (sys_clk_pin rise@10.000ns - sys_clk_pin rise@0.000ns)
  Data Path Delay:        4.422ns  (logic 0.966ns (21.845%)  route 3.456ns (78.155%))
  Logic Levels:           3  (LUT3=1 LUT6=2)
  Clock Path Skew:        -0.024ns (DCD - SCD + CPR)
    Destination Clock Delay (DCD):    5.050ns = ( 15.050 - 10.000 ) 
    Source Clock Delay      (SCD):    5.354ns
    Clock Pessimism Removal (CPR):    0.280ns
  Clock Uncertainty:      0.035ns  ((TSJ^2 + TIJ^2)^1/2 + DJ) / 2 + PE
    Total System Jitter     (TSJ):    0.071ns
    Total Input Jitter      (TIJ):    0.000ns
    Discrete Jitter          (DJ):    0.000ns
    Phase Error              (PE):    0.000ns

    Location             Delay type                Incr(ns)  Path(ns)    Netlist Resource(s)
  -------------------------------------------------------------------    -------------------
                         (clock sys_clk_pin rise edge)
                                                      0.000     0.000 r  
    V18                                               0.000     0.000 r  clk (IN)
                         net (fo=0)                   0.000     0.000    clk
    V18                  IBUF (Prop_ibuf_I_O)         1.483     1.483 r  clk_IBUF_inst/O
                         net (fo=1, routed)           1.972     3.455    clk_IBUF
    BUFGCTRL_X0Y0        BUFG (Prop_bufg_I_O)         0.096     3.551 r  clk_IBUF_BUFG_inst/O
                         net (fo=150, routed)         1.803     5.354    tl/yellow_counter/CLK
    SLICE_X5Y135         FDRE                                         r  tl/yellow_counter/count_reg[8]/C
  -------------------------------------------------------------------    -------------------
    SLICE_X5Y135         FDRE (Prop_fdre_C_Q)         0.419     5.773 f  tl/yellow_counter/count_reg[8]/Q
                         net (fo=3, routed)           1.987     7.760    tl/yellow_counter/count_reg_n_0_[8]
    SLICE_X5Y138         LUT6 (Prop_lut6_I0_O)        0.299     8.059 f  tl/yellow_counter/counter[7]_i_6__0/O
                         net (fo=1, routed)           0.583     8.642    tl/yellow_counter/counter[7]_i_6__0_n_0
    SLICE_X7Y138         LUT6 (Prop_lut6_I0_O)        0.124     8.766 f  tl/yellow_counter/counter[7]_i_4__0/O
                         net (fo=1, routed)           0.402     9.168    tl/yellow_counter/counter[7]_i_4__0_n_0
    SLICE_X7Y138         LUT3 (Prop_lut3_I1_O)        0.124     9.292 r  tl/yellow_counter/counter[7]_i_2__0/O
                         net (fo=8, routed)           0.484     9.776    tl/yellow_counter/counter[7]_i_2__0_n_0
    SLICE_X7Y137         FDRE                                         r  tl/yellow_counter/counter_reg[0]/CE
  -------------------------------------------------------------------    -------------------

                         (clock sys_clk_pin rise edge)
                                                     10.000    10.000 r  
    V18                                               0.000    10.000 r  clk (IN)
                         net (fo=0)                   0.000    10.000    clk
    V18                  IBUF (Prop_ibuf_I_O)         1.413    11.413 r  clk_IBUF_inst/O
                         net (fo=1, routed)           1.868    13.281    clk_IBUF
    BUFGCTRL_X0Y0        BUFG (Prop_bufg_I_O)         0.091    13.372 r  clk_IBUF_BUFG_inst/O
                         net (fo=150, routed)         1.678    15.050    tl/yellow_counter/CLK
    SLICE_X7Y137         FDRE                                         r  tl/yellow_counter/counter_reg[0]/C
                         clock pessimism              0.280    15.330    
                         clock uncertainty           -0.035    15.295    
    SLICE_X7Y137         FDRE (Setup_fdre_C_CE)      -0.205    15.090    tl/yellow_counter/counter_reg[0]
  -------------------------------------------------------------------
                         required time                         15.090    
                         arrival time                          -9.776    
  -------------------------------------------------------------------
                         slack                                  5.314    

Slack (MET) :             5.314ns  (required time - arrival time)
  Source:                 tl/yellow_counter/count_reg[8]/C
                            (rising edge-triggered cell FDRE clocked by sys_clk_pin  {rise@0.000ns fall@5.000ns period=10.000ns})
  Destination:            tl/yellow_counter/counter_reg[3]/CE
                            (rising edge-triggered cell FDRE clocked by sys_clk_pin  {rise@0.000ns fall@5.000ns period=10.000ns})
  Path Group:             sys_clk_pin
  Path Type:              Setup (Max at Slow Process Corner)
  Requirement:            10.000ns  (sys_clk_pin rise@10.000ns - sys_clk_pin rise@0.000ns)
  Data Path Delay:        4.422ns  (logic 0.966ns (21.845%)  route 3.456ns (78.155%))
  Logic Levels:           3  (LUT3=1 LUT6=2)
  Clock Path Skew:        -0.024ns (DCD - SCD + CPR)
    Destination Clock Delay (DCD):    5.050ns = ( 15.050 - 10.000 ) 
    Source Clock Delay      (SCD):    5.354ns
    Clock Pessimism Removal (CPR):    0.280ns
  Clock Uncertainty:      0.035ns  ((TSJ^2 + TIJ^2)^1/2 + DJ) / 2 + PE
    Total System Jitter     (TSJ):    0.071ns
    Total Input Jitter      (TIJ):    0.000ns
    Discrete Jitter          (DJ):    0.000ns
    Phase Error              (PE):    0.000ns

    Location             Delay type                Incr(ns)  Path(ns)    Netlist Resource(s)
  -------------------------------------------------------------------    -------------------
                         (clock sys_clk_pin rise edge)
                                                      0.000     0.000 r  
    V18                                               0.000     0.000 r  clk (IN)
                         net (fo=0)                   0.000     0.000    clk
    V18                  IBUF (Prop_ibuf_I_O)         1.483     1.483 r  clk_IBUF_inst/O
                         net (fo=1, routed)           1.972     3.455    clk_IBUF
    BUFGCTRL_X0Y0        BUFG (Prop_bufg_I_O)         0.096     3.551 r  clk_IBUF_BUFG_inst/O
                         net (fo=150, routed)         1.803     5.354    tl/yellow_counter/CLK
    SLICE_X5Y135         FDRE                                         r  tl/yellow_counter/count_reg[8]/C
  -------------------------------------------------------------------    -------------------
    SLICE_X5Y135         FDRE (Prop_fdre_C_Q)         0.419     5.773 f  tl/yellow_counter/count_reg[8]/Q
                         net (fo=3, routed)           1.987     7.760    tl/yellow_counter/count_reg_n_0_[8]
    SLICE_X5Y138         LUT6 (Prop_lut6_I0_O)        0.299     8.059 f  tl/yellow_counter/counter[7]_i_6__0/O
                         net (fo=1, routed)           0.583     8.642    tl/yellow_counter/counter[7]_i_6__0_n_0
    SLICE_X7Y138         LUT6 (Prop_lut6_I0_O)        0.124     8.766 f  tl/yellow_counter/counter[7]_i_4__0/O
                         net (fo=1, routed)           0.402     9.168    tl/yellow_counter/counter[7]_i_4__0_n_0
    SLICE_X7Y138         LUT3 (Prop_lut3_I1_O)        0.124     9.292 r  tl/yellow_counter/counter[7]_i_2__0/O
                         net (fo=8, routed)           0.484     9.776    tl/yellow_counter/counter[7]_i_2__0_n_0
    SLICE_X7Y137         FDRE                                         r  tl/yellow_counter/counter_reg[3]/CE
  -------------------------------------------------------------------    -------------------

                         (clock sys_clk_pin rise edge)
                                                     10.000    10.000 r  
    V18                                               0.000    10.000 r  clk (IN)
                         net (fo=0)                   0.000    10.000    clk
    V18                  IBUF (Prop_ibuf_I_O)         1.413    11.413 r  clk_IBUF_inst/O
                         net (fo=1, routed)           1.868    13.281    clk_IBUF
    BUFGCTRL_X0Y0        BUFG (Prop_bufg_I_O)         0.091    13.372 r  clk_IBUF_BUFG_inst/O
                         net (fo=150, routed)         1.678    15.050    tl/yellow_counter/CLK
    SLICE_X7Y137         FDRE                                         r  tl/yellow_counter/counter_reg[3]/C
                         clock pessimism              0.280    15.330    
                         clock uncertainty           -0.035    15.295    
    SLICE_X7Y137         FDRE (Setup_fdre_C_CE)      -0.205    15.090    tl/yellow_counter/counter_reg[3]
  -------------------------------------------------------------------
                         required time                         15.090    
                         arrival time                          -9.776    
  -------------------------------------------------------------------
                         slack                                  5.314    

Slack (MET) :             5.314ns  (required time - arrival time)
  Source:                 tl/yellow_counter/count_reg[8]/C
                            (rising edge-triggered cell FDRE clocked by sys_clk_pin  {rise@0.000ns fall@5.000ns period=10.000ns})
  Destination:            tl/yellow_counter/counter_reg[4]/CE
                            (rising edge-triggered cell FDRE clocked by sys_clk_pin  {rise@0.000ns fall@5.000ns period=10.000ns})
  Path Group:             sys_clk_pin
  Path Type:              Setup (Max at Slow Process Corner)
  Requirement:            10.000ns  (sys_clk_pin rise@10.000ns - sys_clk_pin rise@0.000ns)
  Data Path Delay:        4.422ns  (logic 0.966ns (21.845%)  route 3.456ns (78.155%))
  Logic Levels:           3  (LUT3=1 LUT6=2)
  Clock Path Skew:        -0.024ns (DCD - SCD + CPR)
    Destination Clock Delay (DCD):    5.050ns = ( 15.050 - 10.000 ) 
    Source Clock Delay      (SCD):    5.354ns
    Clock Pessimism Removal (CPR):    0.280ns
  Clock Uncertainty:      0.035ns  ((TSJ^2 + TIJ^2)^1/2 + DJ) / 2 + PE
    Total System Jitter     (TSJ):    0.071ns
    Total Input Jitter      (TIJ):    0.000ns
    Discrete Jitter          (DJ):    0.000ns
    Phase Error              (PE):    0.000ns

    Location             Delay type                Incr(ns)  Path(ns)    Netlist Resource(s)
  -------------------------------------------------------------------    -------------------
                         (clock sys_clk_pin rise edge)
                                                      0.000     0.000 r  
    V18                                               0.000     0.000 r  clk (IN)
                         net (fo=0)                   0.000     0.000    clk
    V18                  IBUF (Prop_ibuf_I_O)         1.483     1.483 r  clk_IBUF_inst/O
                         net (fo=1, routed)           1.972     3.455    clk_IBUF
    BUFGCTRL_X0Y0        BUFG (Prop_bufg_I_O)         0.096     3.551 r  clk_IBUF_BUFG_inst/O
                         net (fo=150, routed)         1.803     5.354    tl/yellow_counter/CLK
    SLICE_X5Y135         FDRE                                         r  tl/yellow_counter/count_reg[8]/C
  -------------------------------------------------------------------    -------------------
    SLICE_X5Y135         FDRE (Prop_fdre_C_Q)         0.419     5.773 f  tl/yellow_counter/count_reg[8]/Q
                         net (fo=3, routed)           1.987     7.760    tl/yellow_counter/count_reg_n_0_[8]
    SLICE_X5Y138         LUT6 (Prop_lut6_I0_O)        0.299     8.059 f  tl/yellow_counter/counter[7]_i_6__0/O
                         net (fo=1, routed)           0.583     8.642    tl/yellow_counter/counter[7]_i_6__0_n_0
    SLICE_X7Y138         LUT6 (Prop_lut6_I0_O)        0.124     8.766 f  tl/yellow_counter/counter[7]_i_4__0/O
                         net (fo=1, routed)           0.402     9.168    tl/yellow_counter/counter[7]_i_4__0_n_0
    SLICE_X7Y138         LUT3 (Prop_lut3_I1_O)        0.124     9.292 r  tl/yellow_counter/counter[7]_i_2__0/O
                         net (fo=8, routed)           0.484     9.776    tl/yellow_counter/counter[7]_i_2__0_n_0
    SLICE_X7Y137         FDRE                                         r  tl/yellow_counter/counter_reg[4]/CE
  -------------------------------------------------------------------    -------------------

                         (clock sys_clk_pin rise edge)
                                                     10.000    10.000 r  
    V18                                               0.000    10.000 r  clk (IN)
                         net (fo=0)                   0.000    10.000    clk
    V18                  IBUF (Prop_ibuf_I_O)         1.413    11.413 r  clk_IBUF_inst/O
                         net (fo=1, routed)           1.868    13.281    clk_IBUF
    BUFGCTRL_X0Y0        BUFG (Prop_bufg_I_O)         0.091    13.372 r  clk_IBUF_BUFG_inst/O
                         net (fo=150, routed)         1.678    15.050    tl/yellow_counter/CLK
    SLICE_X7Y137         FDRE                                         r  tl/yellow_counter/counter_reg[4]/C
                         clock pessimism              0.280    15.330    
                         clock uncertainty           -0.035    15.295    
    SLICE_X7Y137         FDRE (Setup_fdre_C_CE)      -0.205    15.090    tl/yellow_counter/counter_reg[4]
  -------------------------------------------------------------------
                         required time                         15.090    
                         arrival time                          -9.776    
  -------------------------------------------------------------------
                         slack                                  5.314    

Slack (MET) :             5.314ns  (required time - arrival time)
  Source:                 tl/yellow_counter/count_reg[8]/C
                            (rising edge-triggered cell FDRE clocked by sys_clk_pin  {rise@0.000ns fall@5.000ns period=10.000ns})
  Destination:            tl/yellow_counter/counter_reg[5]/CE
                            (rising edge-triggered cell FDRE clocked by sys_clk_pin  {rise@0.000ns fall@5.000ns period=10.000ns})
  Path Group:             sys_clk_pin
  Path Type:              Setup (Max at Slow Process Corner)
  Requirement:            10.000ns  (sys_clk_pin rise@10.000ns - sys_clk_pin rise@0.000ns)
  Data Path Delay:        4.422ns  (logic 0.966ns (21.845%)  route 3.456ns (78.155%))
  Logic Levels:           3  (LUT3=1 LUT6=2)
  Clock Path Skew:        -0.024ns (DCD - SCD + CPR)
    Destination Clock Delay (DCD):    5.050ns = ( 15.050 - 10.000 ) 
    Source Clock Delay      (SCD):    5.354ns
    Clock Pessimism Removal (CPR):    0.280ns
  Clock Uncertainty:      0.035ns  ((TSJ^2 + TIJ^2)^1/2 + DJ) / 2 + PE
    Total System Jitter     (TSJ):    0.071ns
    Total Input Jitter      (TIJ):    0.000ns
    Discrete Jitter          (DJ):    0.000ns
    Phase Error              (PE):    0.000ns

    Location             Delay type                Incr(ns)  Path(ns)    Netlist Resource(s)
  -------------------------------------------------------------------    -------------------
                         (clock sys_clk_pin rise edge)
                                                      0.000     0.000 r  
    V18                                               0.000     0.000 r  clk (IN)
                         net (fo=0)                   0.000     0.000    clk
    V18                  IBUF (Prop_ibuf_I_O)         1.483     1.483 r  clk_IBUF_inst/O
                         net (fo=1, routed)           1.972     3.455    clk_IBUF
    BUFGCTRL_X0Y0        BUFG (Prop_bufg_I_O)         0.096     3.551 r  clk_IBUF_BUFG_inst/O
                         net (fo=150, routed)         1.803     5.354    tl/yellow_counter/CLK
    SLICE_X5Y135         FDRE                                         r  tl/yellow_counter/count_reg[8]/C
  -------------------------------------------------------------------    -------------------
    SLICE_X5Y135         FDRE (Prop_fdre_C_Q)         0.419     5.773 f  tl/yellow_counter/count_reg[8]/Q
                         net (fo=3, routed)           1.987     7.760    tl/yellow_counter/count_reg_n_0_[8]
    SLICE_X5Y138         LUT6 (Prop_lut6_I0_O)        0.299     8.059 f  tl/yellow_counter/counter[7]_i_6__0/O
                         net (fo=1, routed)           0.583     8.642    tl/yellow_counter/counter[7]_i_6__0_n_0
    SLICE_X7Y138         LUT6 (Prop_lut6_I0_O)        0.124     8.766 f  tl/yellow_counter/counter[7]_i_4__0/O
                         net (fo=1, routed)           0.402     9.168    tl/yellow_counter/counter[7]_i_4__0_n_0
    SLICE_X7Y138         LUT3 (Prop_lut3_I1_O)        0.124     9.292 r  tl/yellow_counter/counter[7]_i_2__0/O
                         net (fo=8, routed)           0.484     9.776    tl/yellow_counter/counter[7]_i_2__0_n_0
    SLICE_X7Y137         FDRE                                         r  tl/yellow_counter/counter_reg[5]/CE
  -------------------------------------------------------------------    -------------------

                         (clock sys_clk_pin rise edge)
                                                     10.000    10.000 r  
    V18                                               0.000    10.000 r  clk (IN)
                         net (fo=0)                   0.000    10.000    clk
    V18                  IBUF (Prop_ibuf_I_O)         1.413    11.413 r  clk_IBUF_inst/O
                         net (fo=1, routed)           1.868    13.281    clk_IBUF
    BUFGCTRL_X0Y0        BUFG (Prop_bufg_I_O)         0.091    13.372 r  clk_IBUF_BUFG_inst/O
                         net (fo=150, routed)         1.678    15.050    tl/yellow_counter/CLK
    SLICE_X7Y137         FDRE                                         r  tl/yellow_counter/counter_reg[5]/C
                         clock pessimism              0.280    15.330    
                         clock uncertainty           -0.035    15.295    
    SLICE_X7Y137         FDRE (Setup_fdre_C_CE)      -0.205    15.090    tl/yellow_counter/counter_reg[5]
  -------------------------------------------------------------------
                         required time                         15.090    
                         arrival time                          -9.776    
  -------------------------------------------------------------------
                         slack                                  5.314    

Slack (MET) :             5.458ns  (required time - arrival time)
  Source:                 tl/green_counter/count_reg[29]/C
                            (rising edge-triggered cell FDRE clocked by sys_clk_pin  {rise@0.000ns fall@5.000ns period=10.000ns})
  Destination:            tl/green_counter/counter_reg[2]/CE
                            (rising edge-triggered cell FDRE clocked by sys_clk_pin  {rise@0.000ns fall@5.000ns period=10.000ns})
  Path Group:             sys_clk_pin
  Path Type:              Setup (Max at Slow Process Corner)
  Requirement:            10.000ns  (sys_clk_pin rise@10.000ns - sys_clk_pin rise@0.000ns)
  Data Path Delay:        4.327ns  (logic 1.027ns (23.732%)  route 3.300ns (76.268%))
  Logic Levels:           3  (LUT3=1 LUT4=1 LUT6=1)
  Clock Path Skew:        0.026ns (DCD - SCD + CPR)
    Destination Clock Delay (DCD):    5.047ns = ( 15.047 - 10.000 ) 
    Source Clock Delay      (SCD):    5.287ns
    Clock Pessimism Removal (CPR):    0.266ns
  Clock Uncertainty:      0.035ns  ((TSJ^2 + TIJ^2)^1/2 + DJ) / 2 + PE
    Total System Jitter     (TSJ):    0.071ns
    Total Input Jitter      (TIJ):    0.000ns
    Discrete Jitter          (DJ):    0.000ns
    Phase Error              (PE):    0.000ns

    Location             Delay type                Incr(ns)  Path(ns)    Netlist Resource(s)
  -------------------------------------------------------------------    -------------------
                         (clock sys_clk_pin rise edge)
                                                      0.000     0.000 r  
    V18                                               0.000     0.000 r  clk (IN)
                         net (fo=0)                   0.000     0.000    clk
    V18                  IBUF (Prop_ibuf_I_O)         1.483     1.483 r  clk_IBUF_inst/O
                         net (fo=1, routed)           1.972     3.455    clk_IBUF
    BUFGCTRL_X0Y0        BUFG (Prop_bufg_I_O)         0.096     3.551 r  clk_IBUF_BUFG_inst/O
                         net (fo=150, routed)         1.736     5.287    tl/green_counter/CLK
    SLICE_X8Y137         FDRE                                         r  tl/green_counter/count_reg[29]/C
  -------------------------------------------------------------------    -------------------
    SLICE_X8Y137         FDRE (Prop_fdre_C_Q)         0.478     5.765 f  tl/green_counter/count_reg[29]/Q
                         net (fo=2, routed)           1.111     6.876    tl/green_counter/count_reg_n_0_[29]
    SLICE_X7Y135         LUT4 (Prop_lut4_I0_O)        0.301     7.177 f  tl/green_counter/count[31]_i_8/O
                         net (fo=1, routed)           0.548     7.725    tl/green_counter/count[31]_i_8_n_0
    SLICE_X8Y135         LUT6 (Prop_lut6_I4_O)        0.124     7.849 r  tl/green_counter/count[31]_i_4/O
                         net (fo=32, routed)          0.624     8.473    tl/green_counter/count[31]_i_4_n_0
    SLICE_X9Y136         LUT3 (Prop_lut3_I0_O)        0.124     8.597 r  tl/green_counter/counter[7]_i_2/O
                         net (fo=8, routed)           1.018     9.614    tl/green_counter/counter[7]_i_2_n_0
    SLICE_X5Y133         FDRE                                         r  tl/green_counter/counter_reg[2]/CE
  -------------------------------------------------------------------    -------------------

                         (clock sys_clk_pin rise edge)
                                                     10.000    10.000 r  
    V18                                               0.000    10.000 r  clk (IN)
                         net (fo=0)                   0.000    10.000    clk
    V18                  IBUF (Prop_ibuf_I_O)         1.413    11.413 r  clk_IBUF_inst/O
                         net (fo=1, routed)           1.868    13.281    clk_IBUF
    BUFGCTRL_X0Y0        BUFG (Prop_bufg_I_O)         0.091    13.372 r  clk_IBUF_BUFG_inst/O
                         net (fo=150, routed)         1.675    15.047    tl/green_counter/CLK
    SLICE_X5Y133         FDRE                                         r  tl/green_counter/counter_reg[2]/C
                         clock pessimism              0.266    15.313    
                         clock uncertainty           -0.035    15.278    
    SLICE_X5Y133         FDRE (Setup_fdre_C_CE)      -0.205    15.073    tl/green_counter/counter_reg[2]
  -------------------------------------------------------------------
                         required time                         15.073    
                         arrival time                          -9.614    
  -------------------------------------------------------------------
                         slack                                  5.458    





Min Delay Paths
--------------------------------------------------------------------------------------
Slack (MET) :             0.189ns  (arrival time - required time)
  Source:                 tl/green_counter/counter_reg[0]/C
                            (rising edge-triggered cell FDRE clocked by sys_clk_pin  {rise@0.000ns fall@5.000ns period=10.000ns})
  Destination:            tl/green_counter/counter_reg[3]/D
                            (rising edge-triggered cell FDRE clocked by sys_clk_pin  {rise@0.000ns fall@5.000ns period=10.000ns})
  Path Group:             sys_clk_pin
  Path Type:              Hold (Min at Fast Process Corner)
  Requirement:            0.000ns  (sys_clk_pin rise@0.000ns - sys_clk_pin rise@0.000ns)
  Data Path Delay:        0.309ns  (logic 0.189ns (61.161%)  route 0.120ns (38.839%))
  Logic Levels:           1  (LUT4=1)
  Clock Path Skew:        0.013ns (DCD - SCD - CPR)
    Destination Clock Delay (DCD):    2.098ns
    Source Clock Delay      (SCD):    1.580ns
    Clock Pessimism Removal (CPR):    0.504ns

    Location             Delay type                Incr(ns)  Path(ns)    Netlist Resource(s)
  -------------------------------------------------------------------    -------------------
                         (clock sys_clk_pin rise edge)
                                                      0.000     0.000 r  
    V18                                               0.000     0.000 r  clk (IN)
                         net (fo=0)                   0.000     0.000    clk
    V18                  IBUF (Prop_ibuf_I_O)         0.251     0.251 r  clk_IBUF_inst/O
                         net (fo=1, routed)           0.634     0.885    clk_IBUF
    BUFGCTRL_X0Y0        BUFG (Prop_bufg_I_O)         0.026     0.911 r  clk_IBUF_BUFG_inst/O
                         net (fo=150, routed)         0.669     1.580    tl/green_counter/CLK
    SLICE_X4Y133         FDRE                                         r  tl/green_counter/counter_reg[0]/C
  -------------------------------------------------------------------    -------------------
    SLICE_X4Y133         FDRE (Prop_fdre_C_Q)         0.141     1.721 r  tl/green_counter/counter_reg[0]/Q
                         net (fo=9, routed)           0.120     1.841    tl/green_counter/Q[0]
    SLICE_X5Y133         LUT4 (Prop_lut4_I3_O)        0.048     1.889 r  tl/green_counter/counter[3]_i_1__0/O
                         net (fo=1, routed)           0.000     1.889    tl/green_counter/counter_0[3]
    SLICE_X5Y133         FDRE                                         r  tl/green_counter/counter_reg[3]/D
  -------------------------------------------------------------------    -------------------

                         (clock sys_clk_pin rise edge)
                                                      0.000     0.000 r  
    V18                                               0.000     0.000 r  clk (IN)
                         net (fo=0)                   0.000     0.000    clk
    V18                  IBUF (Prop_ibuf_I_O)         0.439     0.439 r  clk_IBUF_inst/O
                         net (fo=1, routed)           0.689     1.127    clk_IBUF
    BUFGCTRL_X0Y0        BUFG (Prop_bufg_I_O)         0.029     1.156 r  clk_IBUF_BUFG_inst/O
                         net (fo=150, routed)         0.941     2.098    tl/green_counter/CLK
    SLICE_X5Y133         FDRE                                         r  tl/green_counter/counter_reg[3]/C
                         clock pessimism             -0.504     1.593    
    SLICE_X5Y133         FDRE (Hold_fdre_C_D)         0.107     1.700    tl/green_counter/counter_reg[3]
  -------------------------------------------------------------------
                         required time                         -1.700    
                         arrival time                           1.889    
  -------------------------------------------------------------------
                         slack                                  0.189    

Slack (MET) :             0.202ns  (arrival time - required time)
  Source:                 tl/green_counter/counter_reg[0]/C
                            (rising edge-triggered cell FDRE clocked by sys_clk_pin  {rise@0.000ns fall@5.000ns period=10.000ns})
  Destination:            tl/green_counter/counter_reg[2]/D
                            (rising edge-triggered cell FDRE clocked by sys_clk_pin  {rise@0.000ns fall@5.000ns period=10.000ns})
  Path Group:             sys_clk_pin
  Path Type:              Hold (Min at Fast Process Corner)
  Requirement:            0.000ns  (sys_clk_pin rise@0.000ns - sys_clk_pin rise@0.000ns)
  Data Path Delay:        0.306ns  (logic 0.186ns (60.780%)  route 0.120ns (39.220%))
  Logic Levels:           1  (LUT4=1)
  Clock Path Skew:        0.013ns (DCD - SCD - CPR)
    Destination Clock Delay (DCD):    2.098ns
    Source Clock Delay      (SCD):    1.580ns
    Clock Pessimism Removal (CPR):    0.504ns

    Location             Delay type                Incr(ns)  Path(ns)    Netlist Resource(s)
  -------------------------------------------------------------------    -------------------
                         (clock sys_clk_pin rise edge)
                                                      0.000     0.000 r  
    V18                                               0.000     0.000 r  clk (IN)
                         net (fo=0)                   0.000     0.000    clk
    V18                  IBUF (Prop_ibuf_I_O)         0.251     0.251 r  clk_IBUF_inst/O
                         net (fo=1, routed)           0.634     0.885    clk_IBUF
    BUFGCTRL_X0Y0        BUFG (Prop_bufg_I_O)         0.026     0.911 r  clk_IBUF_BUFG_inst/O
                         net (fo=150, routed)         0.669     1.580    tl/green_counter/CLK
    SLICE_X4Y133         FDRE                                         r  tl/green_counter/counter_reg[0]/C
  -------------------------------------------------------------------    -------------------
    SLICE_X4Y133         FDRE (Prop_fdre_C_Q)         0.141     1.721 r  tl/green_counter/counter_reg[0]/Q
                         net (fo=9, routed)           0.120     1.841    tl/green_counter/Q[0]
    SLICE_X5Y133         LUT4 (Prop_lut4_I1_O)        0.045     1.886 r  tl/green_counter/counter[2]_i_1__0/O
                         net (fo=1, routed)           0.000     1.886    tl/green_counter/counter_0[2]
    SLICE_X5Y133         FDRE                                         r  tl/green_counter/counter_reg[2]/D
  -------------------------------------------------------------------    -------------------

                         (clock sys_clk_pin rise edge)
                                                      0.000     0.000 r  
    V18                                               0.000     0.000 r  clk (IN)
                         net (fo=0)                   0.000     0.000    clk
    V18                  IBUF (Prop_ibuf_I_O)         0.439     0.439 r  clk_IBUF_inst/O
                         net (fo=1, routed)           0.689     1.127    clk_IBUF
    BUFGCTRL_X0Y0        BUFG (Prop_bufg_I_O)         0.029     1.156 r  clk_IBUF_BUFG_inst/O
                         net (fo=150, routed)         0.941     2.098    tl/green_counter/CLK
    SLICE_X5Y133         FDRE                                         r  tl/green_counter/counter_reg[2]/C
                         clock pessimism             -0.504     1.593    
    SLICE_X5Y133         FDRE (Hold_fdre_C_D)         0.091     1.684    tl/green_counter/counter_reg[2]
  -------------------------------------------------------------------
                         required time                         -1.684    
                         arrival time                           1.886    
  -------------------------------------------------------------------
                         slack                                  0.202    

Slack (MET) :             0.224ns  (arrival time - required time)
  Source:                 tl/red_counter/counter_reg[1]/C
                            (rising edge-triggered cell FDRE clocked by sys_clk_pin  {rise@0.000ns fall@5.000ns period=10.000ns})
  Destination:            tl/red_counter/counter_reg[4]/D
                            (rising edge-triggered cell FDRE clocked by sys_clk_pin  {rise@0.000ns fall@5.000ns period=10.000ns})
  Path Group:             sys_clk_pin
  Path Type:              Hold (Min at Fast Process Corner)
  Requirement:            0.000ns  (sys_clk_pin rise@0.000ns - sys_clk_pin rise@0.000ns)
  Data Path Delay:        0.347ns  (logic 0.189ns (54.430%)  route 0.158ns (45.570%))
  Logic Levels:           1  (LUT5=1)
  Clock Path Skew:        0.016ns (DCD - SCD - CPR)
    Destination Clock Delay (DCD):    2.105ns
    Source Clock Delay      (SCD):    1.584ns
    Clock Pessimism Removal (CPR):    0.504ns

    Location             Delay type                Incr(ns)  Path(ns)    Netlist Resource(s)
  -------------------------------------------------------------------    -------------------
                         (clock sys_clk_pin rise edge)
                                                      0.000     0.000 r  
    V18                                               0.000     0.000 r  clk (IN)
                         net (fo=0)                   0.000     0.000    clk
    V18                  IBUF (Prop_ibuf_I_O)         0.251     0.251 r  clk_IBUF_inst/O
                         net (fo=1, routed)           0.634     0.885    clk_IBUF
    BUFGCTRL_X0Y0        BUFG (Prop_bufg_I_O)         0.026     0.911 r  clk_IBUF_BUFG_inst/O
                         net (fo=150, routed)         0.673     1.584    tl/red_counter/CLK
    SLICE_X3Y139         FDRE                                         r  tl/red_counter/counter_reg[1]/C
  -------------------------------------------------------------------    -------------------
    SLICE_X3Y139         FDRE (Prop_fdre_C_Q)         0.141     1.725 r  tl/red_counter/counter_reg[1]/Q
                         net (fo=10, routed)          0.158     1.883    tl/red_counter/counter_reg_n_0_[1]
    SLICE_X3Y138         LUT5 (Prop_lut5_I3_O)        0.048     1.931 r  tl/red_counter/counter[4]_i_1__1/O
                         net (fo=1, routed)           0.000     1.931    tl/red_counter/counter[4]
    SLICE_X3Y138         FDRE                                         r  tl/red_counter/counter_reg[4]/D
  -------------------------------------------------------------------    -------------------

                         (clock sys_clk_pin rise edge)
                                                      0.000     0.000 r  
    V18                                               0.000     0.000 r  clk (IN)
                         net (fo=0)                   0.000     0.000    clk
    V18                  IBUF (Prop_ibuf_I_O)         0.439     0.439 r  clk_IBUF_inst/O
                         net (fo=1, routed)           0.689     1.127    clk_IBUF
    BUFGCTRL_X0Y0        BUFG (Prop_bufg_I_O)         0.029     1.156 r  clk_IBUF_BUFG_inst/O
                         net (fo=150, routed)         0.948     2.105    tl/red_counter/CLK
    SLICE_X3Y138         FDRE                                         r  tl/red_counter/counter_reg[4]/C
                         clock pessimism             -0.504     1.600    
    SLICE_X3Y138         FDRE (Hold_fdre_C_D)         0.107     1.707    tl/red_counter/counter_reg[4]
  -------------------------------------------------------------------
                         required time                         -1.707    
                         arrival time                           1.931    
  -------------------------------------------------------------------
                         slack                                  0.224    

Slack (MET) :             0.231ns  (arrival time - required time)
  Source:                 tl/red_counter/counter_reg[7]/C
                            (rising edge-triggered cell FDRE clocked by sys_clk_pin  {rise@0.000ns fall@5.000ns period=10.000ns})
  Destination:            tl/red_counter/counter_reg[7]/D
                            (rising edge-triggered cell FDRE clocked by sys_clk_pin  {rise@0.000ns fall@5.000ns period=10.000ns})
  Path Group:             sys_clk_pin
  Path Type:              Hold (Min at Fast Process Corner)
  Requirement:            0.000ns  (sys_clk_pin rise@0.000ns - sys_clk_pin rise@0.000ns)
  Data Path Delay:        0.323ns  (logic 0.186ns (57.573%)  route 0.137ns (42.427%))
  Logic Levels:           1  (LUT6=1)
  Clock Path Skew:        0.000ns (DCD - SCD - CPR)
    Destination Clock Delay (DCD):    2.105ns
    Source Clock Delay      (SCD):    1.584ns
    Clock Pessimism Removal (CPR):    0.520ns

    Location             Delay type                Incr(ns)  Path(ns)    Netlist Resource(s)
  -------------------------------------------------------------------    -------------------
                         (clock sys_clk_pin rise edge)
                                                      0.000     0.000 r  
    V18                                               0.000     0.000 r  clk (IN)
                         net (fo=0)                   0.000     0.000    clk
    V18                  IBUF (Prop_ibuf_I_O)         0.251     0.251 r  clk_IBUF_inst/O
                         net (fo=1, routed)           0.634     0.885    clk_IBUF
    BUFGCTRL_X0Y0        BUFG (Prop_bufg_I_O)         0.026     0.911 r  clk_IBUF_BUFG_inst/O
                         net (fo=150, routed)         0.673     1.584    tl/red_counter/CLK
    SLICE_X3Y139         FDRE                                         r  tl/red_counter/counter_reg[7]/C
  -------------------------------------------------------------------    -------------------
    SLICE_X3Y139         FDRE (Prop_fdre_C_Q)         0.141     1.725 r  tl/red_counter/counter_reg[7]/Q
                         net (fo=8, routed)           0.137     1.862    tl/red_counter/counter_reg_n_0_[7]
    SLICE_X3Y139         LUT6 (Prop_lut6_I5_O)        0.045     1.907 r  tl/red_counter/counter[7]_i_3__0/O
                         net (fo=1, routed)           0.000     1.907    tl/red_counter/counter[7]
    SLICE_X3Y139         FDRE                                         r  tl/red_counter/counter_reg[7]/D
  -------------------------------------------------------------------    -------------------

                         (clock sys_clk_pin rise edge)
                                                      0.000     0.000 r  
    V18                                               0.000     0.000 r  clk (IN)
                         net (fo=0)                   0.000     0.000    clk
    V18                  IBUF (Prop_ibuf_I_O)         0.439     0.439 r  clk_IBUF_inst/O
                         net (fo=1, routed)           0.689     1.127    clk_IBUF
    BUFGCTRL_X0Y0        BUFG (Prop_bufg_I_O)         0.029     1.156 r  clk_IBUF_BUFG_inst/O
                         net (fo=150, routed)         0.948     2.105    tl/red_counter/CLK
    SLICE_X3Y139         FDRE                                         r  tl/red_counter/counter_reg[7]/C
                         clock pessimism             -0.520     1.584    
    SLICE_X3Y139         FDRE (Hold_fdre_C_D)         0.092     1.676    tl/red_counter/counter_reg[7]
  -------------------------------------------------------------------
                         required time                         -1.676    
                         arrival time                           1.907    
  -------------------------------------------------------------------
                         slack                                  0.231    

Slack (MET) :             0.237ns  (arrival time - required time)
  Source:                 tl/red_counter/counter_reg[1]/C
                            (rising edge-triggered cell FDRE clocked by sys_clk_pin  {rise@0.000ns fall@5.000ns period=10.000ns})
  Destination:            tl/red_counter/counter_reg[2]/D
                            (rising edge-triggered cell FDRE clocked by sys_clk_pin  {rise@0.000ns fall@5.000ns period=10.000ns})
  Path Group:             sys_clk_pin
  Path Type:              Hold (Min at Fast Process Corner)
  Requirement:            0.000ns  (sys_clk_pin rise@0.000ns - sys_clk_pin rise@0.000ns)
  Data Path Delay:        0.344ns  (logic 0.186ns (54.033%)  route 0.158ns (45.967%))
  Logic Levels:           1  (LUT3=1)
  Clock Path Skew:        0.016ns (DCD - SCD - CPR)
    Destination Clock Delay (DCD):    2.105ns
    Source Clock Delay      (SCD):    1.584ns
    Clock Pessimism Removal (CPR):    0.504ns

    Location             Delay type                Incr(ns)  Path(ns)    Netlist Resource(s)
  -------------------------------------------------------------------    -------------------
                         (clock sys_clk_pin rise edge)
                                                      0.000     0.000 r  
    V18                                               0.000     0.000 r  clk (IN)
                         net (fo=0)                   0.000     0.000    clk
    V18                  IBUF (Prop_ibuf_I_O)         0.251     0.251 r  clk_IBUF_inst/O
                         net (fo=1, routed)           0.634     0.885    clk_IBUF
    BUFGCTRL_X0Y0        BUFG (Prop_bufg_I_O)         0.026     0.911 r  clk_IBUF_BUFG_inst/O
                         net (fo=150, routed)         0.673     1.584    tl/red_counter/CLK
    SLICE_X3Y139         FDRE                                         r  tl/red_counter/counter_reg[1]/C
  -------------------------------------------------------------------    -------------------
    SLICE_X3Y139         FDRE (Prop_fdre_C_Q)         0.141     1.725 r  tl/red_counter/counter_reg[1]/Q
                         net (fo=10, routed)          0.158     1.883    tl/red_counter/counter_reg_n_0_[1]
    SLICE_X3Y138         LUT3 (Prop_lut3_I2_O)        0.045     1.928 r  tl/red_counter/counter[2]_i_1__1/O
                         net (fo=1, routed)           0.000     1.928    tl/red_counter/counter[2]
    SLICE_X3Y138         FDRE                                         r  tl/red_counter/counter_reg[2]/D
  -------------------------------------------------------------------    -------------------

                         (clock sys_clk_pin rise edge)
                                                      0.000     0.000 r  
    V18                                               0.000     0.000 r  clk (IN)
                         net (fo=0)                   0.000     0.000    clk
    V18                  IBUF (Prop_ibuf_I_O)         0.439     0.439 r  clk_IBUF_inst/O
                         net (fo=1, routed)           0.689     1.127    clk_IBUF
    BUFGCTRL_X0Y0        BUFG (Prop_bufg_I_O)         0.029     1.156 r  clk_IBUF_BUFG_inst/O
                         net (fo=150, routed)         0.948     2.105    tl/red_counter/CLK
    SLICE_X3Y138         FDRE                                         r  tl/red_counter/counter_reg[2]/C
                         clock pessimism             -0.504     1.600    
    SLICE_X3Y138         FDRE (Hold_fdre_C_D)         0.091     1.691    tl/red_counter/counter_reg[2]
  -------------------------------------------------------------------
                         required time                         -1.691    
                         arrival time                           1.928    
  -------------------------------------------------------------------
                         slack                                  0.237    

Slack (MET) :             0.238ns  (arrival time - required time)
  Source:                 tl/red_counter/counter_reg[1]/C
                            (rising edge-triggered cell FDRE clocked by sys_clk_pin  {rise@0.000ns fall@5.000ns period=10.000ns})
  Destination:            tl/red_counter/counter_reg[3]/D
                            (rising edge-triggered cell FDRE clocked by sys_clk_pin  {rise@0.000ns fall@5.000ns period=10.000ns})
  Path Group:             sys_clk_pin
  Path Type:              Hold (Min at Fast Process Corner)
  Requirement:            0.000ns  (sys_clk_pin rise@0.000ns - sys_clk_pin rise@0.000ns)
  Data Path Delay:        0.340ns  (logic 0.192ns (56.420%)  route 0.148ns (43.580%))
  Logic Levels:           1  (LUT5=1)
  Clock Path Skew:        0.000ns (DCD - SCD - CPR)
    Destination Clock Delay (DCD):    2.105ns
    Source Clock Delay      (SCD):    1.584ns
    Clock Pessimism Removal (CPR):    0.520ns

    Location             Delay type                Incr(ns)  Path(ns)    Netlist Resource(s)
  -------------------------------------------------------------------    -------------------
                         (clock sys_clk_pin rise edge)
                                                      0.000     0.000 r  
    V18                                               0.000     0.000 r  clk (IN)
                         net (fo=0)                   0.000     0.000    clk
    V18                  IBUF (Prop_ibuf_I_O)         0.251     0.251 r  clk_IBUF_inst/O
                         net (fo=1, routed)           0.634     0.885    clk_IBUF
    BUFGCTRL_X0Y0        BUFG (Prop_bufg_I_O)         0.026     0.911 r  clk_IBUF_BUFG_inst/O
                         net (fo=150, routed)         0.673     1.584    tl/red_counter/CLK
    SLICE_X3Y139         FDRE                                         r  tl/red_counter/counter_reg[1]/C
  -------------------------------------------------------------------    -------------------
    SLICE_X3Y139         FDRE (Prop_fdre_C_Q)         0.141     1.725 r  tl/red_counter/counter_reg[1]/Q
                         net (fo=10, routed)          0.148     1.873    tl/red_counter/counter_reg_n_0_[1]
    SLICE_X3Y139         LUT5 (Prop_lut5_I3_O)        0.051     1.924 r  tl/red_counter/counter[3]_i_1/O
                         net (fo=1, routed)           0.000     1.924    tl/red_counter/counter[3]
    SLICE_X3Y139         FDRE                                         r  tl/red_counter/counter_reg[3]/D
  -------------------------------------------------------------------    -------------------

                         (clock sys_clk_pin rise edge)
                                                      0.000     0.000 r  
    V18                                               0.000     0.000 r  clk (IN)
                         net (fo=0)                   0.000     0.000    clk
    V18                  IBUF (Prop_ibuf_I_O)         0.439     0.439 r  clk_IBUF_inst/O
                         net (fo=1, routed)           0.689     1.127    clk_IBUF
    BUFGCTRL_X0Y0        BUFG (Prop_bufg_I_O)         0.029     1.156 r  clk_IBUF_BUFG_inst/O
                         net (fo=150, routed)         0.948     2.105    tl/red_counter/CLK
    SLICE_X3Y139         FDRE                                         r  tl/red_counter/counter_reg[3]/C
                         clock pessimism             -0.520     1.584    
    SLICE_X3Y139         FDRE (Hold_fdre_C_D)         0.102     1.686    tl/red_counter/counter_reg[3]
  -------------------------------------------------------------------
                         required time                         -1.686    
                         arrival time                           1.924    
  -------------------------------------------------------------------
                         slack                                  0.238    

Slack (MET) :             0.243ns  (arrival time - required time)
  Source:                 tl/FSM_onehot_state_reg[0]/C
                            (rising edge-triggered cell FDRE clocked by sys_clk_pin  {rise@0.000ns fall@5.000ns period=10.000ns})
  Destination:            tl/FSM_onehot_state_reg[0]/D
                            (rising edge-triggered cell FDRE clocked by sys_clk_pin  {rise@0.000ns fall@5.000ns period=10.000ns})
  Path Group:             sys_clk_pin
  Path Type:              Hold (Min at Fast Process Corner)
  Requirement:            0.000ns  (sys_clk_pin rise@0.000ns - sys_clk_pin rise@0.000ns)
  Data Path Delay:        0.334ns  (logic 0.186ns (55.759%)  route 0.148ns (44.241%))
  Logic Levels:           1  (LUT5=1)
  Clock Path Skew:        0.000ns (DCD - SCD - CPR)
    Destination Clock Delay (DCD):    2.103ns
    Source Clock Delay      (SCD):    1.583ns
    Clock Pessimism Removal (CPR):    0.519ns

    Location             Delay type                Incr(ns)  Path(ns)    Netlist Resource(s)
  -------------------------------------------------------------------    -------------------
                         (clock sys_clk_pin rise edge)
                                                      0.000     0.000 r  
    V18                                               0.000     0.000 r  clk (IN)
                         net (fo=0)                   0.000     0.000    clk
    V18                  IBUF (Prop_ibuf_I_O)         0.251     0.251 r  clk_IBUF_inst/O
                         net (fo=1, routed)           0.634     0.885    clk_IBUF
    BUFGCTRL_X0Y0        BUFG (Prop_bufg_I_O)         0.026     0.911 r  clk_IBUF_BUFG_inst/O
                         net (fo=150, routed)         0.672     1.583    tl/CLK
    SLICE_X3Y137         FDRE                                         r  tl/FSM_onehot_state_reg[0]/C
  -------------------------------------------------------------------    -------------------
    SLICE_X3Y137         FDRE (Prop_fdre_C_Q)         0.141     1.724 r  tl/FSM_onehot_state_reg[0]/Q
                         net (fo=43, routed)          0.148     1.872    tl/red_counter/FSM_onehot_state_reg[0]_0[0]
    SLICE_X3Y137         LUT5 (Prop_lut5_I0_O)        0.045     1.917 r  tl/red_counter/FSM_onehot_state[0]_i_1/O
                         net (fo=1, routed)           0.000     1.917    tl/red_counter_n_8
    SLICE_X3Y137         FDRE                                         r  tl/FSM_onehot_state_reg[0]/D
  -------------------------------------------------------------------    -------------------

                         (clock sys_clk_pin rise edge)
                                                      0.000     0.000 r  
    V18                                               0.000     0.000 r  clk (IN)
                         net (fo=0)                   0.000     0.000    clk
    V18                  IBUF (Prop_ibuf_I_O)         0.439     0.439 r  clk_IBUF_inst/O
                         net (fo=1, routed)           0.689     1.127    clk_IBUF
    BUFGCTRL_X0Y0        BUFG (Prop_bufg_I_O)         0.029     1.156 r  clk_IBUF_BUFG_inst/O
                         net (fo=150, routed)         0.946     2.103    tl/CLK
    SLICE_X3Y137         FDRE                                         r  tl/FSM_onehot_state_reg[0]/C
                         clock pessimism             -0.519     1.583    
    SLICE_X3Y137         FDRE (Hold_fdre_C_D)         0.091     1.674    tl/FSM_onehot_state_reg[0]
  -------------------------------------------------------------------
                         required time                         -1.674    
                         arrival time                           1.917    
  -------------------------------------------------------------------
                         slack                                  0.243    

Slack (MET) :             0.246ns  (arrival time - required time)
  Source:                 tl/green_counter/count_reg[0]/C
                            (rising edge-triggered cell FDSE clocked by sys_clk_pin  {rise@0.000ns fall@5.000ns period=10.000ns})
  Destination:            tl/green_counter/count_reg[0]/D
                            (rising edge-triggered cell FDSE clocked by sys_clk_pin  {rise@0.000ns fall@5.000ns period=10.000ns})
  Path Group:             sys_clk_pin
  Path Type:              Hold (Min at Fast Process Corner)
  Requirement:            0.000ns  (sys_clk_pin rise@0.000ns - sys_clk_pin rise@0.000ns)
  Data Path Delay:        0.351ns  (logic 0.183ns (52.101%)  route 0.168ns (47.899%))
  Logic Levels:           1  (LUT1=1)
  Clock Path Skew:        0.000ns (DCD - SCD - CPR)
    Destination Clock Delay (DCD):    2.073ns
    Source Clock Delay      (SCD):    1.553ns
    Clock Pessimism Removal (CPR):    0.519ns

    Location             Delay type                Incr(ns)  Path(ns)    Netlist Resource(s)
  -------------------------------------------------------------------    -------------------
                         (clock sys_clk_pin rise edge)
                                                      0.000     0.000 r  
    V18                                               0.000     0.000 r  clk (IN)
                         net (fo=0)                   0.000     0.000    clk
    V18                  IBUF (Prop_ibuf_I_O)         0.251     0.251 r  clk_IBUF_inst/O
                         net (fo=1, routed)           0.634     0.885    clk_IBUF
    BUFGCTRL_X0Y0        BUFG (Prop_bufg_I_O)         0.026     0.911 r  clk_IBUF_BUFG_inst/O
                         net (fo=150, routed)         0.642     1.553    tl/green_counter/CLK
    SLICE_X9Y136         FDSE                                         r  tl/green_counter/count_reg[0]/C
  -------------------------------------------------------------------    -------------------
    SLICE_X9Y136         FDSE (Prop_fdse_C_Q)         0.141     1.694 f  tl/green_counter/count_reg[0]/Q
                         net (fo=4, routed)           0.168     1.862    tl/green_counter/count_reg_n_0_[0]
    SLICE_X9Y136         LUT1 (Prop_lut1_I0_O)        0.042     1.904 r  tl/green_counter/count[0]_i_1/O
                         net (fo=1, routed)           0.000     1.904    tl/green_counter/count[0]
    SLICE_X9Y136         FDSE                                         r  tl/green_counter/count_reg[0]/D
  -------------------------------------------------------------------    -------------------

                         (clock sys_clk_pin rise edge)
                                                      0.000     0.000 r  
    V18                                               0.000     0.000 r  clk (IN)
                         net (fo=0)                   0.000     0.000    clk
    V18                  IBUF (Prop_ibuf_I_O)         0.439     0.439 r  clk_IBUF_inst/O
                         net (fo=1, routed)           0.689     1.127    clk_IBUF
    BUFGCTRL_X0Y0        BUFG (Prop_bufg_I_O)         0.029     1.156 r  clk_IBUF_BUFG_inst/O
                         net (fo=150, routed)         0.916     2.073    tl/green_counter/CLK
    SLICE_X9Y136         FDSE                                         r  tl/green_counter/count_reg[0]/C
                         clock pessimism             -0.519     1.553    
    SLICE_X9Y136         FDSE (Hold_fdse_C_D)         0.105     1.658    tl/green_counter/count_reg[0]
  -------------------------------------------------------------------
                         required time                         -1.658    
                         arrival time                           1.904    
  -------------------------------------------------------------------
                         slack                                  0.246    

Slack (MET) :             0.251ns  (arrival time - required time)
  Source:                 tl/yellow_counter/counter_reg[4]/C
                            (rising edge-triggered cell FDRE clocked by sys_clk_pin  {rise@0.000ns fall@5.000ns period=10.000ns})
  Destination:            tl/yellow_counter/counter_reg[5]/D
                            (rising edge-triggered cell FDRE clocked by sys_clk_pin  {rise@0.000ns fall@5.000ns period=10.000ns})
  Path Group:             sys_clk_pin
  Path Type:              Hold (Min at Fast Process Corner)
  Requirement:            0.000ns  (sys_clk_pin rise@0.000ns - sys_clk_pin rise@0.000ns)
  Data Path Delay:        0.343ns  (logic 0.226ns (65.830%)  route 0.117ns (34.170%))
  Logic Levels:           1  (LUT6=1)
  Clock Path Skew:        0.000ns (DCD - SCD - CPR)
    Destination Clock Delay (DCD):    2.101ns
    Source Clock Delay      (SCD):    1.582ns
    Clock Pessimism Removal (CPR):    0.518ns

    Location             Delay type                Incr(ns)  Path(ns)    Netlist Resource(s)
  -------------------------------------------------------------------    -------------------
                         (clock sys_clk_pin rise edge)
                                                      0.000     0.000 r  
    V18                                               0.000     0.000 r  clk (IN)
                         net (fo=0)                   0.000     0.000    clk
    V18                  IBUF (Prop_ibuf_I_O)         0.251     0.251 r  clk_IBUF_inst/O
                         net (fo=1, routed)           0.634     0.885    clk_IBUF
    BUFGCTRL_X0Y0        BUFG (Prop_bufg_I_O)         0.026     0.911 r  clk_IBUF_BUFG_inst/O
                         net (fo=150, routed)         0.671     1.582    tl/yellow_counter/CLK
    SLICE_X7Y137         FDRE                                         r  tl/yellow_counter/counter_reg[4]/C
  -------------------------------------------------------------------    -------------------
    SLICE_X7Y137         FDRE (Prop_fdre_C_Q)         0.128     1.710 r  tl/yellow_counter/counter_reg[4]/Q
                         net (fo=10, routed)          0.117     1.827    tl/yellow_counter/counter_reg_n_0_[4]
    SLICE_X7Y137         LUT6 (Prop_lut6_I5_O)        0.098     1.925 r  tl/yellow_counter/counter[5]_i_1__1/O
                         net (fo=1, routed)           0.000     1.925    tl/yellow_counter/counter[5]
    SLICE_X7Y137         FDRE                                         r  tl/yellow_counter/counter_reg[5]/D
  -------------------------------------------------------------------    -------------------

                         (clock sys_clk_pin rise edge)
                                                      0.000     0.000 r  
    V18                                               0.000     0.000 r  clk (IN)
                         net (fo=0)                   0.000     0.000    clk
    V18                  IBUF (Prop_ibuf_I_O)         0.439     0.439 r  clk_IBUF_inst/O
                         net (fo=1, routed)           0.689     1.127    clk_IBUF
    BUFGCTRL_X0Y0        BUFG (Prop_bufg_I_O)         0.029     1.156 r  clk_IBUF_BUFG_inst/O
                         net (fo=150, routed)         0.944     2.101    tl/yellow_counter/CLK
    SLICE_X7Y137         FDRE                                         r  tl/yellow_counter/counter_reg[5]/C
                         clock pessimism             -0.518     1.582    
    SLICE_X7Y137         FDRE (Hold_fdre_C_D)         0.092     1.674    tl/yellow_counter/counter_reg[5]
  -------------------------------------------------------------------
                         required time                         -1.674    
                         arrival time                           1.925    
  -------------------------------------------------------------------
                         slack                                  0.251    

Slack (MET) :             0.256ns  (arrival time - required time)
  Source:                 tl/yellow_counter/counter_reg[1]/C
                            (rising edge-triggered cell FDRE clocked by sys_clk_pin  {rise@0.000ns fall@5.000ns period=10.000ns})
  Destination:            tl/yellow_counter/counter_reg[2]/D
                            (rising edge-triggered cell FDRE clocked by sys_clk_pin  {rise@0.000ns fall@5.000ns period=10.000ns})
  Path Group:             sys_clk_pin
  Path Type:              Hold (Min at Fast Process Corner)
  Requirement:            0.000ns  (sys_clk_pin rise@0.000ns - sys_clk_pin rise@0.000ns)
  Data Path Delay:        0.363ns  (logic 0.183ns (50.361%)  route 0.180ns (49.639%))
  Logic Levels:           1  (LUT4=1)
  Clock Path Skew:        0.000ns (DCD - SCD - CPR)
    Destination Clock Delay (DCD):    2.100ns
    Source Clock Delay      (SCD):    1.581ns
    Clock Pessimism Removal (CPR):    0.518ns

    Location             Delay type                Incr(ns)  Path(ns)    Netlist Resource(s)
  -------------------------------------------------------------------    -------------------
                         (clock sys_clk_pin rise edge)
                                                      0.000     0.000 r  
    V18                                               0.000     0.000 r  clk (IN)
                         net (fo=0)                   0.000     0.000    clk
    V18                  IBUF (Prop_ibuf_I_O)         0.251     0.251 r  clk_IBUF_inst/O
                         net (fo=1, routed)           0.634     0.885    clk_IBUF
    BUFGCTRL_X0Y0        BUFG (Prop_bufg_I_O)         0.026     0.911 r  clk_IBUF_BUFG_inst/O
                         net (fo=150, routed)         0.670     1.581    tl/yellow_counter/CLK
    SLICE_X5Y136         FDRE                                         r  tl/yellow_counter/counter_reg[1]/C
  -------------------------------------------------------------------    -------------------
    SLICE_X5Y136         FDRE (Prop_fdre_C_Q)         0.141     1.722 r  tl/yellow_counter/counter_reg[1]/Q
                         net (fo=11, routed)          0.180     1.902    tl/yellow_counter/counter_reg_n_0_[1]
    SLICE_X5Y136         LUT4 (Prop_lut4_I1_O)        0.042     1.944 r  tl/yellow_counter/counter[2]_i_1/O
                         net (fo=1, routed)           0.000     1.944    tl/yellow_counter/counter[2]
    SLICE_X5Y136         FDRE                                         r  tl/yellow_counter/counter_reg[2]/D
  -------------------------------------------------------------------    -------------------

                         (clock sys_clk_pin rise edge)
                                                      0.000     0.000 r  
    V18                                               0.000     0.000 r  clk (IN)
                         net (fo=0)                   0.000     0.000    clk
    V18                  IBUF (Prop_ibuf_I_O)         0.439     0.439 r  clk_IBUF_inst/O
                         net (fo=1, routed)           0.689     1.127    clk_IBUF
    BUFGCTRL_X0Y0        BUFG (Prop_bufg_I_O)         0.029     1.156 r  clk_IBUF_BUFG_inst/O
                         net (fo=150, routed)         0.943     2.100    tl/yellow_counter/CLK
    SLICE_X5Y136         FDRE                                         r  tl/yellow_counter/counter_reg[2]/C
                         clock pessimism             -0.518     1.581    
    SLICE_X5Y136         FDRE (Hold_fdre_C_D)         0.107     1.688    tl/yellow_counter/counter_reg[2]
  -------------------------------------------------------------------
                         required time                         -1.688    
                         arrival time                           1.944    
  -------------------------------------------------------------------
                         slack                                  0.256    





Pulse Width Checks
--------------------------------------------------------------------------------------
Clock Name:         sys_clk_pin
Waveform(ns):       { 0.000 5.000 }
Period(ns):         10.000
Sources:            { clk }

Check Type        Corner  Lib Pin  Reference Pin  Required(ns)  Actual(ns)  Slack(ns)  Location       Pin
Min Period        n/a     BUFG/I   n/a            2.155         10.000      7.845      BUFGCTRL_X0Y0  clk_IBUF_BUFG_inst/I
Min Period        n/a     FDSE/C   n/a            1.000         10.000      9.000      SLICE_X3Y114   sd/TIME_reg[0]/C
Min Period        n/a     FDRE/C   n/a            1.000         10.000      9.000      SLICE_X3Y116   sd/TIME_reg[10]/C
Min Period        n/a     FDRE/C   n/a            1.000         10.000      9.000      SLICE_X3Y116   sd/TIME_reg[11]/C
Min Period        n/a     FDRE/C   n/a            1.000         10.000      9.000      SLICE_X3Y117   sd/TIME_reg[12]/C
Min Period        n/a     FDRE/C   n/a            1.000         10.000      9.000      SLICE_X3Y117   sd/TIME_reg[13]/C
Min Period        n/a     FDRE/C   n/a            1.000         10.000      9.000      SLICE_X3Y117   sd/TIME_reg[14]/C
Min Period        n/a     FDRE/C   n/a            1.000         10.000      9.000      SLICE_X3Y117   sd/TIME_reg[15]/C
Min Period        n/a     FDRE/C   n/a            1.000         10.000      9.000      SLICE_X3Y118   sd/TIME_reg[16]/C
Min Period        n/a     FDRE/C   n/a            1.000         10.000      9.000      SLICE_X3Y118   sd/TIME_reg[17]/C
Low Pulse Width   Slow    FDSE/C   n/a            0.500         5.000       4.500      SLICE_X3Y114   sd/TIME_reg[0]/C
Low Pulse Width   Fast    FDSE/C   n/a            0.500         5.000       4.500      SLICE_X3Y114   sd/TIME_reg[0]/C
Low Pulse Width   Slow    FDRE/C   n/a            0.500         5.000       4.500      SLICE_X3Y116   sd/TIME_reg[10]/C
Low Pulse Width   Fast    FDRE/C   n/a            0.500         5.000       4.500      SLICE_X3Y116   sd/TIME_reg[10]/C
Low Pulse Width   Slow    FDRE/C   n/a            0.500         5.000       4.500      SLICE_X3Y116   sd/TIME_reg[11]/C
Low Pulse Width   Fast    FDRE/C   n/a            0.500         5.000       4.500      SLICE_X3Y116   sd/TIME_reg[11]/C
Low Pulse Width   Slow    FDRE/C   n/a            0.500         5.000       4.500      SLICE_X3Y117   sd/TIME_reg[12]/C
Low Pulse Width   Fast    FDRE/C   n/a            0.500         5.000       4.500      SLICE_X3Y117   sd/TIME_reg[12]/C
Low Pulse Width   Slow    FDRE/C   n/a            0.500         5.000       4.500      SLICE_X3Y117   sd/TIME_reg[13]/C
Low Pulse Width   Fast    FDRE/C   n/a            0.500         5.000       4.500      SLICE_X3Y117   sd/TIME_reg[13]/C
High Pulse Width  Slow    FDSE/C   n/a            0.500         5.000       4.500      SLICE_X3Y114   sd/TIME_reg[0]/C
High Pulse Width  Fast    FDSE/C   n/a            0.500         5.000       4.500      SLICE_X3Y114   sd/TIME_reg[0]/C
High Pulse Width  Slow    FDRE/C   n/a            0.500         5.000       4.500      SLICE_X3Y116   sd/TIME_reg[10]/C
High Pulse Width  Fast    FDRE/C   n/a            0.500         5.000       4.500      SLICE_X3Y116   sd/TIME_reg[10]/C
High Pulse Width  Slow    FDRE/C   n/a            0.500         5.000       4.500      SLICE_X3Y116   sd/TIME_reg[11]/C
High Pulse Width  Fast    FDRE/C   n/a            0.500         5.000       4.500      SLICE_X3Y116   sd/TIME_reg[11]/C
High Pulse Width  Slow    FDRE/C   n/a            0.500         5.000       4.500      SLICE_X3Y117   sd/TIME_reg[12]/C
High Pulse Width  Fast    FDRE/C   n/a            0.500         5.000       4.500      SLICE_X3Y117   sd/TIME_reg[12]/C
High Pulse Width  Slow    FDRE/C   n/a            0.500         5.000       4.500      SLICE_X3Y117   sd/TIME_reg[13]/C
High Pulse Width  Fast    FDRE/C   n/a            0.500         5.000       4.500      SLICE_X3Y117   sd/TIME_reg[13]/C



--------------------------------------------------------------------------------------
Path Group:  (none)
From Clock:  sys_clk_pin
  To Clock:  

Max Delay            10 Endpoints
Min Delay            10 Endpoints
--------------------------------------------------------------------------------------


Max Delay Paths
--------------------------------------------------------------------------------------
Slack:                    inf
  Source:                 sd/seg_id_reg[1]__0/C
                            (rising edge-triggered cell FDRE clocked by sys_clk_pin  {rise@0.000ns fall@5.000ns period=10.000ns})
  Destination:            seg_data[3]
                            (output port)
  Path Group:             (none)
  Path Type:              Max at Slow Process Corner
  Data Path Delay:        10.095ns  (logic 4.537ns (44.941%)  route 5.558ns (55.059%))
  Logic Levels:           4  (LUT4=1 LUT5=1 LUT6=1 OBUF=1)
  Clock Uncertainty:      0.025ns  ((TSJ^2 + TIJ^2)^1/2 + DJ) / 2 + PE
    Total System Jitter     (TSJ):    0.050ns
    Total Input Jitter      (TIJ):    0.000ns
    Discrete Jitter          (DJ):    0.000ns
    Phase Error              (PE):    0.000ns

    Location             Delay type                Incr(ns)  Path(ns)    Netlist Resource(s)
  -------------------------------------------------------------------    -------------------
                         (clock sys_clk_pin rise edge)
                                                      0.000     0.000 r  
    V18                                               0.000     0.000 r  clk (IN)
                         net (fo=0)                   0.000     0.000    clk
    V18                  IBUF (Prop_ibuf_I_O)         1.483     1.483 r  clk_IBUF_inst/O
                         net (fo=1, routed)           1.972     3.455    clk_IBUF
    BUFGCTRL_X0Y0        BUFG (Prop_bufg_I_O)         0.096     3.551 r  clk_IBUF_BUFG_inst/O
                         net (fo=150, routed)         1.801     5.352    sd/clk_IBUF_BUFG
    SLICE_X0Y116         FDRE                                         r  sd/seg_id_reg[1]__0/C
  -------------------------------------------------------------------    -------------------
    SLICE_X0Y116         FDRE (Prop_fdre_C_Q)         0.419     5.771 f  sd/seg_id_reg[1]__0/Q
                         net (fo=6, routed)           1.601     7.372    sd/Q[1]
    SLICE_X1Y135         LUT4 (Prop_lut4_I1_O)        0.299     7.671 r  sd/seg_data_OBUF[2]_inst_i_5/O
                         net (fo=4, routed)           0.834     8.505    tl/yellow_counter/seg_data_OBUF[1]_inst_i_1
    SLICE_X2Y136         LUT6 (Prop_lut6_I1_O)        0.124     8.629 r  tl/yellow_counter/seg_data_OBUF[3]_inst_i_6/O
                         net (fo=1, routed)           0.791     9.420    tl/green_counter/seg_data[3]_1
    SLICE_X2Y134         LUT5 (Prop_lut5_I4_O)        0.124     9.544 r  tl/green_counter/seg_data_OBUF[3]_inst_i_1/O
                         net (fo=1, routed)           2.332    11.876    seg_data_OBUF[3]
    A20                  OBUF (Prop_obuf_I_O)         3.571    15.447 r  seg_data_OBUF[3]_inst/O
                         net (fo=0)                   0.000    15.447    seg_data[3]
    A20                                                               r  seg_data[3] (OUT)
  -------------------------------------------------------------------    -------------------

Slack:                    inf
  Source:                 sd/seg_id_reg[1]__0/C
                            (rising edge-triggered cell FDRE clocked by sys_clk_pin  {rise@0.000ns fall@5.000ns period=10.000ns})
  Destination:            seg_data[2]
                            (output port)
  Path Group:             (none)
  Path Type:              Max at Slow Process Corner
  Data Path Delay:        10.055ns  (logic 4.767ns (47.409%)  route 5.288ns (52.591%))
  Logic Levels:           4  (LUT3=1 LUT5=1 LUT6=1 OBUF=1)
  Clock Uncertainty:      0.025ns  ((TSJ^2 + TIJ^2)^1/2 + DJ) / 2 + PE
    Total System Jitter     (TSJ):    0.050ns
    Total Input Jitter      (TIJ):    0.000ns
    Discrete Jitter          (DJ):    0.000ns
    Phase Error              (PE):    0.000ns

    Location             Delay type                Incr(ns)  Path(ns)    Netlist Resource(s)
  -------------------------------------------------------------------    -------------------
                         (clock sys_clk_pin rise edge)
                                                      0.000     0.000 r  
    V18                                               0.000     0.000 r  clk (IN)
                         net (fo=0)                   0.000     0.000    clk
    V18                  IBUF (Prop_ibuf_I_O)         1.483     1.483 r  clk_IBUF_inst/O
                         net (fo=1, routed)           1.972     3.455    clk_IBUF
    BUFGCTRL_X0Y0        BUFG (Prop_bufg_I_O)         0.096     3.551 r  clk_IBUF_BUFG_inst/O
                         net (fo=150, routed)         1.801     5.352    sd/clk_IBUF_BUFG
    SLICE_X0Y116         FDRE                                         r  sd/seg_id_reg[1]__0/C
  -------------------------------------------------------------------    -------------------
    SLICE_X0Y116         FDRE (Prop_fdre_C_Q)         0.419     5.771 f  sd/seg_id_reg[1]__0/Q
                         net (fo=6, routed)           1.601     7.372    sd/Q[1]
    SLICE_X1Y135         LUT3 (Prop_lut3_I1_O)        0.327     7.699 f  sd/seg_data_OBUF[0]_inst_i_2/O
                         net (fo=4, routed)           0.811     8.510    tl/green_counter/seg_data_OBUF[1]_inst_i_1_0
    SLICE_X3Y134         LUT6 (Prop_lut6_I0_O)        0.326     8.836 r  tl/green_counter/seg_data_OBUF[2]_inst_i_3/O
                         net (fo=1, routed)           0.729     9.565    tl/green_counter/seg_data_OBUF[2]_inst_i_3_n_0
    SLICE_X2Y134         LUT5 (Prop_lut5_I1_O)        0.124     9.689 r  tl/green_counter/seg_data_OBUF[2]_inst_i_1/O
                         net (fo=1, routed)           2.147    11.836    seg_data_OBUF[2]
    B20                  OBUF (Prop_obuf_I_O)         3.571    15.407 r  seg_data_OBUF[2]_inst/O
                         net (fo=0)                   0.000    15.407    seg_data[2]
    B20                                                               r  seg_data[2] (OUT)
  -------------------------------------------------------------------    -------------------

Slack:                    inf
  Source:                 sd/seg_id_reg[1]__0/C
                            (rising edge-triggered cell FDRE clocked by sys_clk_pin  {rise@0.000ns fall@5.000ns period=10.000ns})
  Destination:            seg_data[1]
                            (output port)
  Path Group:             (none)
  Path Type:              Max at Slow Process Corner
  Data Path Delay:        9.900ns  (logic 4.746ns (47.942%)  route 5.154ns (52.058%))
  Logic Levels:           4  (LUT3=1 LUT6=2 OBUF=1)
  Clock Uncertainty:      0.025ns  ((TSJ^2 + TIJ^2)^1/2 + DJ) / 2 + PE
    Total System Jitter     (TSJ):    0.050ns
    Total Input Jitter      (TIJ):    0.000ns
    Discrete Jitter          (DJ):    0.000ns
    Phase Error              (PE):    0.000ns

    Location             Delay type                Incr(ns)  Path(ns)    Netlist Resource(s)
  -------------------------------------------------------------------    -------------------
                         (clock sys_clk_pin rise edge)
                                                      0.000     0.000 r  
    V18                                               0.000     0.000 r  clk (IN)
                         net (fo=0)                   0.000     0.000    clk
    V18                  IBUF (Prop_ibuf_I_O)         1.483     1.483 r  clk_IBUF_inst/O
                         net (fo=1, routed)           1.972     3.455    clk_IBUF
    BUFGCTRL_X0Y0        BUFG (Prop_bufg_I_O)         0.096     3.551 r  clk_IBUF_BUFG_inst/O
                         net (fo=150, routed)         1.801     5.352    sd/clk_IBUF_BUFG
    SLICE_X0Y116         FDRE                                         r  sd/seg_id_reg[1]__0/C
  -------------------------------------------------------------------    -------------------
    SLICE_X0Y116         FDRE (Prop_fdre_C_Q)         0.419     5.771 f  sd/seg_id_reg[1]__0/Q
                         net (fo=6, routed)           1.601     7.372    sd/Q[1]
    SLICE_X1Y135         LUT3 (Prop_lut3_I1_O)        0.327     7.699 f  sd/seg_data_OBUF[0]_inst_i_2/O
                         net (fo=4, routed)           0.873     8.572    tl/green_counter/seg_data_OBUF[1]_inst_i_1_0
    SLICE_X3Y134         LUT6 (Prop_lut6_I0_O)        0.326     8.898 r  tl/green_counter/seg_data_OBUF[1]_inst_i_5/O
                         net (fo=1, routed)           0.520     9.419    tl/green_counter/seg_data_OBUF[1]_inst_i_5_n_0
    SLICE_X2Y134         LUT6 (Prop_lut6_I4_O)        0.124     9.543 r  tl/green_counter/seg_data_OBUF[1]_inst_i_1/O
                         net (fo=1, routed)           2.159    11.702    seg_data_OBUF[1]
    E18                  OBUF (Prop_obuf_I_O)         3.550    15.252 r  seg_data_OBUF[1]_inst/O
                         net (fo=0)                   0.000    15.252    seg_data[1]
    E18                                                               r  seg_data[1] (OUT)
  -------------------------------------------------------------------    -------------------

Slack:                    inf
  Source:                 tl/red_counter/counter_reg[3]/C
                            (rising edge-triggered cell FDRE clocked by sys_clk_pin  {rise@0.000ns fall@5.000ns period=10.000ns})
  Destination:            seg_data[0]
                            (output port)
  Path Group:             (none)
  Path Type:              Max at Slow Process Corner
  Data Path Delay:        9.707ns  (logic 4.614ns (47.529%)  route 5.093ns (52.471%))
  Logic Levels:           4  (LUT5=1 LUT6=2 OBUF=1)
  Clock Uncertainty:      0.025ns  ((TSJ^2 + TIJ^2)^1/2 + DJ) / 2 + PE
    Total System Jitter     (TSJ):    0.050ns
    Total Input Jitter      (TIJ):    0.000ns
    Discrete Jitter          (DJ):    0.000ns
    Phase Error              (PE):    0.000ns

    Location             Delay type                Incr(ns)  Path(ns)    Netlist Resource(s)
  -------------------------------------------------------------------    -------------------
                         (clock sys_clk_pin rise edge)
                                                      0.000     0.000 r  
    V18                                               0.000     0.000 r  clk (IN)
                         net (fo=0)                   0.000     0.000    clk
    V18                  IBUF (Prop_ibuf_I_O)         1.483     1.483 r  clk_IBUF_inst/O
                         net (fo=1, routed)           1.972     3.455    clk_IBUF
    BUFGCTRL_X0Y0        BUFG (Prop_bufg_I_O)         0.096     3.551 r  clk_IBUF_BUFG_inst/O
                         net (fo=150, routed)         1.807     5.358    tl/red_counter/CLK
    SLICE_X3Y139         FDRE                                         r  tl/red_counter/counter_reg[3]/C
  -------------------------------------------------------------------    -------------------
    SLICE_X3Y139         FDRE (Prop_fdre_C_Q)         0.456     5.814 r  tl/red_counter/counter_reg[3]/Q
                         net (fo=11, routed)          1.155     6.969    tl/red_counter/counter_reg_n_0_[3]
    SLICE_X1Y137         LUT5 (Prop_lut5_I4_O)        0.154     7.123 r  tl/red_counter/seg_data_OBUF[3]_inst_i_16/O
                         net (fo=3, routed)           0.829     7.953    tl/red_counter/counter_reg[4]_1
    SLICE_X1Y136         LUT6 (Prop_lut6_I1_O)        0.327     8.280 r  tl/red_counter/seg_data_OBUF[0]_inst_i_3/O
                         net (fo=1, routed)           0.804     9.083    tl/red_counter/seg_data_OBUF[0]_inst_i_3_n_0
    SLICE_X2Y135         LUT6 (Prop_lut6_I2_O)        0.124     9.207 r  tl/red_counter/seg_data_OBUF[0]_inst_i_1/O
                         net (fo=1, routed)           2.305    11.512    seg_data_OBUF[0]
    F18                  OBUF (Prop_obuf_I_O)         3.553    15.065 r  seg_data_OBUF[0]_inst/O
                         net (fo=0)                   0.000    15.065    seg_data[0]
    F18                                                               r  seg_data[0] (OUT)
  -------------------------------------------------------------------    -------------------

Slack:                    inf
  Source:                 tl/FSM_onehot_state_reg[2]/C
                            (rising edge-triggered cell FDRE clocked by sys_clk_pin  {rise@0.000ns fall@5.000ns period=10.000ns})
  Destination:            led[0]
                            (output port)
  Path Group:             (none)
  Path Type:              Max at Slow Process Corner
  Data Path Delay:        6.044ns  (logic 4.001ns (66.202%)  route 2.043ns (33.798%))
  Logic Levels:           1  (OBUF=1)
  Clock Uncertainty:      0.025ns  ((TSJ^2 + TIJ^2)^1/2 + DJ) / 2 + PE
    Total System Jitter     (TSJ):    0.050ns
    Total Input Jitter      (TIJ):    0.000ns
    Discrete Jitter          (DJ):    0.000ns
    Phase Error              (PE):    0.000ns

    Location             Delay type                Incr(ns)  Path(ns)    Netlist Resource(s)
  -------------------------------------------------------------------    -------------------
                         (clock sys_clk_pin rise edge)
                                                      0.000     0.000 r  
    V18                                               0.000     0.000 r  clk (IN)
                         net (fo=0)                   0.000     0.000    clk
    V18                  IBUF (Prop_ibuf_I_O)         1.483     1.483 r  clk_IBUF_inst/O
                         net (fo=1, routed)           1.972     3.455    clk_IBUF
    BUFGCTRL_X0Y0        BUFG (Prop_bufg_I_O)         0.096     3.551 r  clk_IBUF_BUFG_inst/O
                         net (fo=150, routed)         1.805     5.356    tl/CLK
    SLICE_X3Y137         FDRE                                         r  tl/FSM_onehot_state_reg[2]/C
  -------------------------------------------------------------------    -------------------
    SLICE_X3Y137         FDRE (Prop_fdre_C_Q)         0.456     5.812 r  tl/FSM_onehot_state_reg[2]/Q
                         net (fo=39, routed)          2.043     7.855    led_OBUF[0]
    B15                  OBUF (Prop_obuf_I_O)         3.545    11.400 r  led_OBUF[0]_inst/O
                         net (fo=0)                   0.000    11.400    led[0]
    B15                                                               r  led[0] (OUT)
  -------------------------------------------------------------------    -------------------

Slack:                    inf
  Source:                 tl/FSM_onehot_state_reg[1]/C
                            (rising edge-triggered cell FDRE clocked by sys_clk_pin  {rise@0.000ns fall@5.000ns period=10.000ns})
  Destination:            led[1]
                            (output port)
  Path Group:             (none)
  Path Type:              Max at Slow Process Corner
  Data Path Delay:        6.018ns  (logic 4.002ns (66.509%)  route 2.015ns (33.491%))
  Logic Levels:           1  (OBUF=1)
  Clock Uncertainty:      0.025ns  ((TSJ^2 + TIJ^2)^1/2 + DJ) / 2 + PE
    Total System Jitter     (TSJ):    0.050ns
    Total Input Jitter      (TIJ):    0.000ns
    Discrete Jitter          (DJ):    0.000ns
    Phase Error              (PE):    0.000ns

    Location             Delay type                Incr(ns)  Path(ns)    Netlist Resource(s)
  -------------------------------------------------------------------    -------------------
                         (clock sys_clk_pin rise edge)
                                                      0.000     0.000 r  
    V18                                               0.000     0.000 r  clk (IN)
                         net (fo=0)                   0.000     0.000    clk
    V18                  IBUF (Prop_ibuf_I_O)         1.483     1.483 r  clk_IBUF_inst/O
                         net (fo=1, routed)           1.972     3.455    clk_IBUF
    BUFGCTRL_X0Y0        BUFG (Prop_bufg_I_O)         0.096     3.551 r  clk_IBUF_BUFG_inst/O
                         net (fo=150, routed)         1.805     5.356    tl/CLK
    SLICE_X3Y137         FDRE                                         r  tl/FSM_onehot_state_reg[1]/C
  -------------------------------------------------------------------    -------------------
    SLICE_X3Y137         FDRE (Prop_fdre_C_Q)         0.456     5.812 r  tl/FSM_onehot_state_reg[1]/Q
                         net (fo=41, routed)          2.015     7.827    led_OBUF[1]
    B16                  OBUF (Prop_obuf_I_O)         3.546    11.374 r  led_OBUF[1]_inst/O
                         net (fo=0)                   0.000    11.374    led[1]
    B16                                                               r  led[1] (OUT)
  -------------------------------------------------------------------    -------------------

Slack:                    inf
  Source:                 tl/FSM_onehot_state_reg[0]/C
                            (rising edge-triggered cell FDRE clocked by sys_clk_pin  {rise@0.000ns fall@5.000ns period=10.000ns})
  Destination:            led[2]
                            (output port)
  Path Group:             (none)
  Path Type:              Max at Slow Process Corner
  Data Path Delay:        6.013ns  (logic 4.013ns (66.732%)  route 2.000ns (33.268%))
  Logic Levels:           1  (OBUF=1)
  Clock Uncertainty:      0.025ns  ((TSJ^2 + TIJ^2)^1/2 + DJ) / 2 + PE
    Total System Jitter     (TSJ):    0.050ns
    Total Input Jitter      (TIJ):    0.000ns
    Discrete Jitter          (DJ):    0.000ns
    Phase Error              (PE):    0.000ns

    Location             Delay type                Incr(ns)  Path(ns)    Netlist Resource(s)
  -------------------------------------------------------------------    -------------------
                         (clock sys_clk_pin rise edge)
                                                      0.000     0.000 r  
    V18                                               0.000     0.000 r  clk (IN)
                         net (fo=0)                   0.000     0.000    clk
    V18                  IBUF (Prop_ibuf_I_O)         1.483     1.483 r  clk_IBUF_inst/O
                         net (fo=1, routed)           1.972     3.455    clk_IBUF
    BUFGCTRL_X0Y0        BUFG (Prop_bufg_I_O)         0.096     3.551 r  clk_IBUF_BUFG_inst/O
                         net (fo=150, routed)         1.805     5.356    tl/CLK
    SLICE_X3Y137         FDRE                                         r  tl/FSM_onehot_state_reg[0]/C
  -------------------------------------------------------------------    -------------------
    SLICE_X3Y137         FDRE (Prop_fdre_C_Q)         0.456     5.812 r  tl/FSM_onehot_state_reg[0]/Q
                         net (fo=43, routed)          2.000     7.812    led_OBUF[2]
    C13                  OBUF (Prop_obuf_I_O)         3.557    11.369 r  led_OBUF[2]_inst/O
                         net (fo=0)                   0.000    11.369    led[2]
    C13                                                               r  led[2] (OUT)
  -------------------------------------------------------------------    -------------------

Slack:                    inf
  Source:                 sd/seg_id_reg[2]/C
                            (rising edge-triggered cell FDRE clocked by sys_clk_pin  {rise@0.000ns fall@5.000ns period=10.000ns})
  Destination:            seg_an[2]
                            (output port)
  Path Group:             (none)
  Path Type:              Max at Slow Process Corner
  Data Path Delay:        5.980ns  (logic 4.130ns (69.074%)  route 1.849ns (30.926%))
  Logic Levels:           1  (OBUF=1)
  Clock Uncertainty:      0.025ns  ((TSJ^2 + TIJ^2)^1/2 + DJ) / 2 + PE
    Total System Jitter     (TSJ):    0.050ns
    Total Input Jitter      (TIJ):    0.000ns
    Discrete Jitter          (DJ):    0.000ns
    Phase Error              (PE):    0.000ns

    Location             Delay type                Incr(ns)  Path(ns)    Netlist Resource(s)
  -------------------------------------------------------------------    -------------------
                         (clock sys_clk_pin rise edge)
                                                      0.000     0.000 r  
    V18                                               0.000     0.000 r  clk (IN)
                         net (fo=0)                   0.000     0.000    clk
    V18                  IBUF (Prop_ibuf_I_O)         1.483     1.483 r  clk_IBUF_inst/O
                         net (fo=1, routed)           1.972     3.455    clk_IBUF
    BUFGCTRL_X0Y0        BUFG (Prop_bufg_I_O)         0.096     3.551 r  clk_IBUF_BUFG_inst/O
                         net (fo=150, routed)         1.801     5.352    sd/clk_IBUF_BUFG
    SLICE_X0Y116         FDRE                                         r  sd/seg_id_reg[2]/C
  -------------------------------------------------------------------    -------------------
    SLICE_X0Y116         FDRE (Prop_fdre_C_Q)         0.419     5.771 r  sd/seg_id_reg[2]/Q
                         net (fo=4, routed)           1.849     7.620    seg_an_OBUF[2]
    F19                  OBUF (Prop_obuf_I_O)         3.711    11.332 r  seg_an_OBUF[2]_inst/O
                         net (fo=0)                   0.000    11.332    seg_an[2]
    F19                                                               r  seg_an[2] (OUT)
  -------------------------------------------------------------------    -------------------

Slack:                    inf
  Source:                 sd/seg_id_reg[1]/C
                            (rising edge-triggered cell FDRE clocked by sys_clk_pin  {rise@0.000ns fall@5.000ns period=10.000ns})
  Destination:            seg_an[1]
                            (output port)
  Path Group:             (none)
  Path Type:              Max at Slow Process Corner
  Data Path Delay:        5.746ns  (logic 4.033ns (70.198%)  route 1.712ns (29.802%))
  Logic Levels:           1  (OBUF=1)
  Clock Uncertainty:      0.025ns  ((TSJ^2 + TIJ^2)^1/2 + DJ) / 2 + PE
    Total System Jitter     (TSJ):    0.050ns
    Total Input Jitter      (TIJ):    0.000ns
    Discrete Jitter          (DJ):    0.000ns
    Phase Error              (PE):    0.000ns

    Location             Delay type                Incr(ns)  Path(ns)    Netlist Resource(s)
  -------------------------------------------------------------------    -------------------
                         (clock sys_clk_pin rise edge)
                                                      0.000     0.000 r  
    V18                                               0.000     0.000 r  clk (IN)
                         net (fo=0)                   0.000     0.000    clk
    V18                  IBUF (Prop_ibuf_I_O)         1.483     1.483 r  clk_IBUF_inst/O
                         net (fo=1, routed)           1.972     3.455    clk_IBUF
    BUFGCTRL_X0Y0        BUFG (Prop_bufg_I_O)         0.096     3.551 r  clk_IBUF_BUFG_inst/O
                         net (fo=150, routed)         1.801     5.352    sd/clk_IBUF_BUFG
    SLICE_X0Y116         FDRE                                         r  sd/seg_id_reg[1]/C
  -------------------------------------------------------------------    -------------------
    SLICE_X0Y116         FDRE (Prop_fdre_C_Q)         0.456     5.808 r  sd/seg_id_reg[1]/Q
                         net (fo=4, routed)           1.712     7.520    seg_an_OBUF[1]
    A19                  OBUF (Prop_obuf_I_O)         3.577    11.098 r  seg_an_OBUF[1]_inst/O
                         net (fo=0)                   0.000    11.098    seg_an[1]
    A19                                                               r  seg_an[1] (OUT)
  -------------------------------------------------------------------    -------------------

Slack:                    inf
  Source:                 sd/seg_id_reg[0]/C
                            (rising edge-triggered cell FDRE clocked by sys_clk_pin  {rise@0.000ns fall@5.000ns period=10.000ns})
  Destination:            seg_an[0]
                            (output port)
  Path Group:             (none)
  Path Type:              Max at Slow Process Corner
  Data Path Delay:        5.722ns  (logic 4.030ns (70.434%)  route 1.692ns (29.566%))
  Logic Levels:           1  (OBUF=1)
  Clock Uncertainty:      0.025ns  ((TSJ^2 + TIJ^2)^1/2 + DJ) / 2 + PE
    Total System Jitter     (TSJ):    0.050ns
    Total Input Jitter      (TIJ):    0.000ns
    Discrete Jitter          (DJ):    0.000ns
    Phase Error              (PE):    0.000ns

    Location             Delay type                Incr(ns)  Path(ns)    Netlist Resource(s)
  -------------------------------------------------------------------    -------------------
                         (clock sys_clk_pin rise edge)
                                                      0.000     0.000 r  
    V18                                               0.000     0.000 r  clk (IN)
                         net (fo=0)                   0.000     0.000    clk
    V18                  IBUF (Prop_ibuf_I_O)         1.483     1.483 r  clk_IBUF_inst/O
                         net (fo=1, routed)           1.972     3.455    clk_IBUF
    BUFGCTRL_X0Y0        BUFG (Prop_bufg_I_O)         0.096     3.551 r  clk_IBUF_BUFG_inst/O
                         net (fo=150, routed)         1.801     5.352    sd/clk_IBUF_BUFG
    SLICE_X0Y116         FDRE                                         r  sd/seg_id_reg[0]/C
  -------------------------------------------------------------------    -------------------
    SLICE_X0Y116         FDRE (Prop_fdre_C_Q)         0.456     5.808 r  sd/seg_id_reg[0]/Q
                         net (fo=6, routed)           1.692     7.500    seg_an_OBUF[0]
    A18                  OBUF (Prop_obuf_I_O)         3.574    11.074 r  seg_an_OBUF[0]_inst/O
                         net (fo=0)                   0.000    11.074    seg_an[0]
    A18                                                               r  seg_an[0] (OUT)
  -------------------------------------------------------------------    -------------------





Min Delay Paths
--------------------------------------------------------------------------------------
Slack:                    inf
  Source:                 sd/seg_id_reg[0]/C
                            (rising edge-triggered cell FDRE clocked by sys_clk_pin  {rise@0.000ns fall@5.000ns period=10.000ns})
  Destination:            seg_an[0]
                            (output port)
  Path Group:             (none)
  Path Type:              Min at Fast Process Corner
  Data Path Delay:        1.772ns  (logic 1.415ns (79.873%)  route 0.357ns (20.127%))
  Logic Levels:           1  (OBUF=1)
  Clock Uncertainty:      0.025ns  ((TSJ^2 + TIJ^2)^1/2 + DJ) / 2 + PE
    Total System Jitter     (TSJ):    0.050ns
    Total Input Jitter      (TIJ):    0.000ns
    Discrete Jitter          (DJ):    0.000ns
    Phase Error              (PE):    0.000ns

    Location             Delay type                Incr(ns)  Path(ns)    Netlist Resource(s)
  -------------------------------------------------------------------    -------------------
                         (clock sys_clk_pin rise edge)
                                                      0.000     0.000 r  
    V18                                               0.000     0.000 r  clk (IN)
                         net (fo=0)                   0.000     0.000    clk
    V18                  IBUF (Prop_ibuf_I_O)         0.251     0.251 r  clk_IBUF_inst/O
                         net (fo=1, routed)           0.634     0.885    clk_IBUF
    BUFGCTRL_X0Y0        BUFG (Prop_bufg_I_O)         0.026     0.911 r  clk_IBUF_BUFG_inst/O
                         net (fo=150, routed)         0.670     1.581    sd/clk_IBUF_BUFG
    SLICE_X0Y116         FDRE                                         r  sd/seg_id_reg[0]/C
  -------------------------------------------------------------------    -------------------
    SLICE_X0Y116         FDRE (Prop_fdre_C_Q)         0.141     1.722 r  sd/seg_id_reg[0]/Q
                         net (fo=6, routed)           0.357     2.079    seg_an_OBUF[0]
    A18                  OBUF (Prop_obuf_I_O)         1.274     3.353 r  seg_an_OBUF[0]_inst/O
                         net (fo=0)                   0.000     3.353    seg_an[0]
    A18                                                               r  seg_an[0] (OUT)
  -------------------------------------------------------------------    -------------------

Slack:                    inf
  Source:                 sd/seg_id_reg[1]/C
                            (rising edge-triggered cell FDRE clocked by sys_clk_pin  {rise@0.000ns fall@5.000ns period=10.000ns})
  Destination:            seg_an[1]
                            (output port)
  Path Group:             (none)
  Path Type:              Min at Fast Process Corner
  Data Path Delay:        1.785ns  (logic 1.419ns (79.478%)  route 0.366ns (20.522%))
  Logic Levels:           1  (OBUF=1)
  Clock Uncertainty:      0.025ns  ((TSJ^2 + TIJ^2)^1/2 + DJ) / 2 + PE
    Total System Jitter     (TSJ):    0.050ns
    Total Input Jitter      (TIJ):    0.000ns
    Discrete Jitter          (DJ):    0.000ns
    Phase Error              (PE):    0.000ns

    Location             Delay type                Incr(ns)  Path(ns)    Netlist Resource(s)
  -------------------------------------------------------------------    -------------------
                         (clock sys_clk_pin rise edge)
                                                      0.000     0.000 r  
    V18                                               0.000     0.000 r  clk (IN)
                         net (fo=0)                   0.000     0.000    clk
    V18                  IBUF (Prop_ibuf_I_O)         0.251     0.251 r  clk_IBUF_inst/O
                         net (fo=1, routed)           0.634     0.885    clk_IBUF
    BUFGCTRL_X0Y0        BUFG (Prop_bufg_I_O)         0.026     0.911 r  clk_IBUF_BUFG_inst/O
                         net (fo=150, routed)         0.670     1.581    sd/clk_IBUF_BUFG
    SLICE_X0Y116         FDRE                                         r  sd/seg_id_reg[1]/C
  -------------------------------------------------------------------    -------------------
    SLICE_X0Y116         FDRE (Prop_fdre_C_Q)         0.141     1.722 r  sd/seg_id_reg[1]/Q
                         net (fo=4, routed)           0.366     2.088    seg_an_OBUF[1]
    A19                  OBUF (Prop_obuf_I_O)         1.278     3.366 r  seg_an_OBUF[1]_inst/O
                         net (fo=0)                   0.000     3.366    seg_an[1]
    A19                                                               r  seg_an[1] (OUT)
  -------------------------------------------------------------------    -------------------

Slack:                    inf
  Source:                 sd/seg_id_reg[2]/C
                            (rising edge-triggered cell FDRE clocked by sys_clk_pin  {rise@0.000ns fall@5.000ns period=10.000ns})
  Destination:            seg_an[2]
                            (output port)
  Path Group:             (none)
  Path Type:              Min at Fast Process Corner
  Data Path Delay:        1.856ns  (logic 1.421ns (76.553%)  route 0.435ns (23.447%))
  Logic Levels:           1  (OBUF=1)
  Clock Uncertainty:      0.025ns  ((TSJ^2 + TIJ^2)^1/2 + DJ) / 2 + PE
    Total System Jitter     (TSJ):    0.050ns
    Total Input Jitter      (TIJ):    0.000ns
    Discrete Jitter          (DJ):    0.000ns
    Phase Error              (PE):    0.000ns

    Location             Delay type                Incr(ns)  Path(ns)    Netlist Resource(s)
  -------------------------------------------------------------------    -------------------
                         (clock sys_clk_pin rise edge)
                                                      0.000     0.000 r  
    V18                                               0.000     0.000 r  clk (IN)
                         net (fo=0)                   0.000     0.000    clk
    V18                  IBUF (Prop_ibuf_I_O)         0.251     0.251 r  clk_IBUF_inst/O
                         net (fo=1, routed)           0.634     0.885    clk_IBUF
    BUFGCTRL_X0Y0        BUFG (Prop_bufg_I_O)         0.026     0.911 r  clk_IBUF_BUFG_inst/O
                         net (fo=150, routed)         0.670     1.581    sd/clk_IBUF_BUFG
    SLICE_X0Y116         FDRE                                         r  sd/seg_id_reg[2]/C
  -------------------------------------------------------------------    -------------------
    SLICE_X0Y116         FDRE (Prop_fdre_C_Q)         0.128     1.709 r  sd/seg_id_reg[2]/Q
                         net (fo=4, routed)           0.435     2.144    seg_an_OBUF[2]
    F19                  OBUF (Prop_obuf_I_O)         1.293     3.438 r  seg_an_OBUF[2]_inst/O
                         net (fo=0)                   0.000     3.438    seg_an[2]
    F19                                                               r  seg_an[2] (OUT)
  -------------------------------------------------------------------    -------------------

Slack:                    inf
  Source:                 tl/FSM_onehot_state_reg[0]/C
                            (rising edge-triggered cell FDRE clocked by sys_clk_pin  {rise@0.000ns fall@5.000ns period=10.000ns})
  Destination:            led[2]
                            (output port)
  Path Group:             (none)
  Path Type:              Min at Fast Process Corner
  Data Path Delay:        1.893ns  (logic 1.398ns (73.876%)  route 0.494ns (26.124%))
  Logic Levels:           1  (OBUF=1)
  Clock Uncertainty:      0.025ns  ((TSJ^2 + TIJ^2)^1/2 + DJ) / 2 + PE
    Total System Jitter     (TSJ):    0.050ns
    Total Input Jitter      (TIJ):    0.000ns
    Discrete Jitter          (DJ):    0.000ns
    Phase Error              (PE):    0.000ns

    Location             Delay type                Incr(ns)  Path(ns)    Netlist Resource(s)
  -------------------------------------------------------------------    -------------------
                         (clock sys_clk_pin rise edge)
                                                      0.000     0.000 r  
    V18                                               0.000     0.000 r  clk (IN)
                         net (fo=0)                   0.000     0.000    clk
    V18                  IBUF (Prop_ibuf_I_O)         0.251     0.251 r  clk_IBUF_inst/O
                         net (fo=1, routed)           0.634     0.885    clk_IBUF
    BUFGCTRL_X0Y0        BUFG (Prop_bufg_I_O)         0.026     0.911 r  clk_IBUF_BUFG_inst/O
                         net (fo=150, routed)         0.672     1.583    tl/CLK
    SLICE_X3Y137         FDRE                                         r  tl/FSM_onehot_state_reg[0]/C
  -------------------------------------------------------------------    -------------------
    SLICE_X3Y137         FDRE (Prop_fdre_C_Q)         0.141     1.724 r  tl/FSM_onehot_state_reg[0]/Q
                         net (fo=43, routed)          0.494     2.219    led_OBUF[2]
    C13                  OBUF (Prop_obuf_I_O)         1.257     3.476 r  led_OBUF[2]_inst/O
                         net (fo=0)                   0.000     3.476    led[2]
    C13                                                               r  led[2] (OUT)
  -------------------------------------------------------------------    -------------------

Slack:                    inf
  Source:                 tl/FSM_onehot_state_reg[1]/C
                            (rising edge-triggered cell FDRE clocked by sys_clk_pin  {rise@0.000ns fall@5.000ns period=10.000ns})
  Destination:            led[1]
                            (output port)
  Path Group:             (none)
  Path Type:              Min at Fast Process Corner
  Data Path Delay:        1.893ns  (logic 1.388ns (73.308%)  route 0.505ns (26.692%))
  Logic Levels:           1  (OBUF=1)
  Clock Uncertainty:      0.025ns  ((TSJ^2 + TIJ^2)^1/2 + DJ) / 2 + PE
    Total System Jitter     (TSJ):    0.050ns
    Total Input Jitter      (TIJ):    0.000ns
    Discrete Jitter          (DJ):    0.000ns
    Phase Error              (PE):    0.000ns

    Location             Delay type                Incr(ns)  Path(ns)    Netlist Resource(s)
  -------------------------------------------------------------------    -------------------
                         (clock sys_clk_pin rise edge)
                                                      0.000     0.000 r  
    V18                                               0.000     0.000 r  clk (IN)
                         net (fo=0)                   0.000     0.000    clk
    V18                  IBUF (Prop_ibuf_I_O)         0.251     0.251 r  clk_IBUF_inst/O
                         net (fo=1, routed)           0.634     0.885    clk_IBUF
    BUFGCTRL_X0Y0        BUFG (Prop_bufg_I_O)         0.026     0.911 r  clk_IBUF_BUFG_inst/O
                         net (fo=150, routed)         0.672     1.583    tl/CLK
    SLICE_X3Y137         FDRE                                         r  tl/FSM_onehot_state_reg[1]/C
  -------------------------------------------------------------------    -------------------
    SLICE_X3Y137         FDRE (Prop_fdre_C_Q)         0.141     1.724 r  tl/FSM_onehot_state_reg[1]/Q
                         net (fo=41, routed)          0.505     2.229    led_OBUF[1]
    B16                  OBUF (Prop_obuf_I_O)         1.247     3.477 r  led_OBUF[1]_inst/O
                         net (fo=0)                   0.000     3.477    led[1]
    B16                                                               r  led[1] (OUT)
  -------------------------------------------------------------------    -------------------

Slack:                    inf
  Source:                 tl/FSM_onehot_state_reg[2]/C
                            (rising edge-triggered cell FDRE clocked by sys_clk_pin  {rise@0.000ns fall@5.000ns period=10.000ns})
  Destination:            led[0]
                            (output port)
  Path Group:             (none)
  Path Type:              Min at Fast Process Corner
  Data Path Delay:        1.921ns  (logic 1.387ns (72.213%)  route 0.534ns (27.787%))
  Logic Levels:           1  (OBUF=1)
  Clock Uncertainty:      0.025ns  ((TSJ^2 + TIJ^2)^1/2 + DJ) / 2 + PE
    Total System Jitter     (TSJ):    0.050ns
    Total Input Jitter      (TIJ):    0.000ns
    Discrete Jitter          (DJ):    0.000ns
    Phase Error              (PE):    0.000ns

    Location             Delay type                Incr(ns)  Path(ns)    Netlist Resource(s)
  -------------------------------------------------------------------    -------------------
                         (clock sys_clk_pin rise edge)
                                                      0.000     0.000 r  
    V18                                               0.000     0.000 r  clk (IN)
                         net (fo=0)                   0.000     0.000    clk
    V18                  IBUF (Prop_ibuf_I_O)         0.251     0.251 r  clk_IBUF_inst/O
                         net (fo=1, routed)           0.634     0.885    clk_IBUF
    BUFGCTRL_X0Y0        BUFG (Prop_bufg_I_O)         0.026     0.911 r  clk_IBUF_BUFG_inst/O
                         net (fo=150, routed)         0.672     1.583    tl/CLK
    SLICE_X3Y137         FDRE                                         r  tl/FSM_onehot_state_reg[2]/C
  -------------------------------------------------------------------    -------------------
    SLICE_X3Y137         FDRE (Prop_fdre_C_Q)         0.141     1.724 r  tl/FSM_onehot_state_reg[2]/Q
                         net (fo=39, routed)          0.534     2.258    led_OBUF[0]
    B15                  OBUF (Prop_obuf_I_O)         1.246     3.504 r  led_OBUF[0]_inst/O
                         net (fo=0)                   0.000     3.504    led[0]
    B15                                                               r  led[0] (OUT)
  -------------------------------------------------------------------    -------------------

Slack:                    inf
  Source:                 tl/green_counter/counter_reg[1]/C
                            (rising edge-triggered cell FDRE clocked by sys_clk_pin  {rise@0.000ns fall@5.000ns period=10.000ns})
  Destination:            seg_data[1]
                            (output port)
  Path Group:             (none)
  Path Type:              Min at Fast Process Corner
  Data Path Delay:        2.323ns  (logic 1.437ns (61.838%)  route 0.887ns (38.162%))
  Logic Levels:           2  (LUT6=1 OBUF=1)
  Clock Uncertainty:      0.025ns  ((TSJ^2 + TIJ^2)^1/2 + DJ) / 2 + PE
    Total System Jitter     (TSJ):    0.050ns
    Total Input Jitter      (TIJ):    0.000ns
    Discrete Jitter          (DJ):    0.000ns
    Phase Error              (PE):    0.000ns

    Location             Delay type                Incr(ns)  Path(ns)    Netlist Resource(s)
  -------------------------------------------------------------------    -------------------
                         (clock sys_clk_pin rise edge)
                                                      0.000     0.000 r  
    V18                                               0.000     0.000 r  clk (IN)
                         net (fo=0)                   0.000     0.000    clk
    V18                  IBUF (Prop_ibuf_I_O)         0.251     0.251 r  clk_IBUF_inst/O
                         net (fo=1, routed)           0.634     0.885    clk_IBUF
    BUFGCTRL_X0Y0        BUFG (Prop_bufg_I_O)         0.026     0.911 r  clk_IBUF_BUFG_inst/O
                         net (fo=150, routed)         0.670     1.581    tl/green_counter/CLK
    SLICE_X5Y134         FDRE                                         r  tl/green_counter/counter_reg[1]/C
  -------------------------------------------------------------------    -------------------
    SLICE_X5Y134         FDRE (Prop_fdre_C_Q)         0.141     1.722 r  tl/green_counter/counter_reg[1]/Q
                         net (fo=11, routed)          0.339     2.061    tl/green_counter/counter[1]
    SLICE_X2Y134         LUT6 (Prop_lut6_I0_O)        0.045     2.106 r  tl/green_counter/seg_data_OBUF[1]_inst_i_1/O
                         net (fo=1, routed)           0.548     2.654    seg_data_OBUF[1]
    E18                  OBUF (Prop_obuf_I_O)         1.251     3.905 r  seg_data_OBUF[1]_inst/O
                         net (fo=0)                   0.000     3.905    seg_data[1]
    E18                                                               r  seg_data[1] (OUT)
  -------------------------------------------------------------------    -------------------

Slack:                    inf
  Source:                 tl/yellow_counter/counter_reg[1]/C
                            (rising edge-triggered cell FDRE clocked by sys_clk_pin  {rise@0.000ns fall@5.000ns period=10.000ns})
  Destination:            seg_data[0]
                            (output port)
  Path Group:             (none)
  Path Type:              Min at Fast Process Corner
  Data Path Delay:        2.470ns  (logic 1.484ns (60.080%)  route 0.986ns (39.920%))
  Logic Levels:           3  (LUT6=2 OBUF=1)
  Clock Uncertainty:      0.025ns  ((TSJ^2 + TIJ^2)^1/2 + DJ) / 2 + PE
    Total System Jitter     (TSJ):    0.050ns
    Total Input Jitter      (TIJ):    0.000ns
    Discrete Jitter          (DJ):    0.000ns
    Phase Error              (PE):    0.000ns

    Location             Delay type                Incr(ns)  Path(ns)    Netlist Resource(s)
  -------------------------------------------------------------------    -------------------
                         (clock sys_clk_pin rise edge)
                                                      0.000     0.000 r  
    V18                                               0.000     0.000 r  clk (IN)
                         net (fo=0)                   0.000     0.000    clk
    V18                  IBUF (Prop_ibuf_I_O)         0.251     0.251 r  clk_IBUF_inst/O
                         net (fo=1, routed)           0.634     0.885    clk_IBUF
    BUFGCTRL_X0Y0        BUFG (Prop_bufg_I_O)         0.026     0.911 r  clk_IBUF_BUFG_inst/O
                         net (fo=150, routed)         0.670     1.581    tl/yellow_counter/CLK
    SLICE_X5Y136         FDRE                                         r  tl/yellow_counter/counter_reg[1]/C
  -------------------------------------------------------------------    -------------------
    SLICE_X5Y136         FDRE (Prop_fdre_C_Q)         0.141     1.722 r  tl/yellow_counter/counter_reg[1]/Q
                         net (fo=11, routed)          0.254     1.976    tl/yellow_counter/counter_reg_n_0_[1]
    SLICE_X2Y136         LUT6 (Prop_lut6_I2_O)        0.045     2.021 r  tl/yellow_counter/seg_data_OBUF[0]_inst_i_6/O
                         net (fo=1, routed)           0.110     2.131    tl/red_counter/seg_data[0]_2
    SLICE_X2Y135         LUT6 (Prop_lut6_I5_O)        0.045     2.176 r  tl/red_counter/seg_data_OBUF[0]_inst_i_1/O
                         net (fo=1, routed)           0.622     2.798    seg_data_OBUF[0]
    F18                  OBUF (Prop_obuf_I_O)         1.253     4.052 r  seg_data_OBUF[0]_inst/O
                         net (fo=0)                   0.000     4.052    seg_data[0]
    F18                                                               r  seg_data[0] (OUT)
  -------------------------------------------------------------------    -------------------

Slack:                    inf
  Source:                 tl/green_counter/counter_reg[2]/C
                            (rising edge-triggered cell FDRE clocked by sys_clk_pin  {rise@0.000ns fall@5.000ns period=10.000ns})
  Destination:            seg_data[3]
                            (output port)
  Path Group:             (none)
  Path Type:              Min at Fast Process Corner
  Data Path Delay:        2.477ns  (logic 1.503ns (60.649%)  route 0.975ns (39.351%))
  Logic Levels:           3  (LUT5=1 LUT6=1 OBUF=1)
  Clock Uncertainty:      0.025ns  ((TSJ^2 + TIJ^2)^1/2 + DJ) / 2 + PE
    Total System Jitter     (TSJ):    0.050ns
    Total Input Jitter      (TIJ):    0.000ns
    Discrete Jitter          (DJ):    0.000ns
    Phase Error              (PE):    0.000ns

    Location             Delay type                Incr(ns)  Path(ns)    Netlist Resource(s)
  -------------------------------------------------------------------    -------------------
                         (clock sys_clk_pin rise edge)
                                                      0.000     0.000 r  
    V18                                               0.000     0.000 r  clk (IN)
                         net (fo=0)                   0.000     0.000    clk
    V18                  IBUF (Prop_ibuf_I_O)         0.251     0.251 r  clk_IBUF_inst/O
                         net (fo=1, routed)           0.634     0.885    clk_IBUF
    BUFGCTRL_X0Y0        BUFG (Prop_bufg_I_O)         0.026     0.911 r  clk_IBUF_BUFG_inst/O
                         net (fo=150, routed)         0.669     1.580    tl/green_counter/CLK
    SLICE_X5Y133         FDRE                                         r  tl/green_counter/counter_reg[2]/C
  -------------------------------------------------------------------    -------------------
    SLICE_X5Y133         FDRE (Prop_fdre_C_Q)         0.141     1.721 r  tl/green_counter/counter_reg[2]/Q
                         net (fo=12, routed)          0.288     2.009    tl/green_counter/counter[2]
    SLICE_X2Y134         LUT6 (Prop_lut6_I4_O)        0.045     2.054 r  tl/green_counter/seg_data_OBUF[3]_inst_i_2/O
                         net (fo=1, routed)           0.052     2.106    tl/green_counter/seg_data_OBUF[3]_inst_i_2_n_0
    SLICE_X2Y134         LUT5 (Prop_lut5_I0_O)        0.045     2.151 r  tl/green_counter/seg_data_OBUF[3]_inst_i_1/O
                         net (fo=1, routed)           0.635     2.786    seg_data_OBUF[3]
    A20                  OBUF (Prop_obuf_I_O)         1.272     4.057 r  seg_data_OBUF[3]_inst/O
                         net (fo=0)                   0.000     4.057    seg_data[3]
    A20                                                               r  seg_data[3] (OUT)
  -------------------------------------------------------------------    -------------------

Slack:                    inf
  Source:                 tl/yellow_counter/counter_reg[1]/C
                            (rising edge-triggered cell FDRE clocked by sys_clk_pin  {rise@0.000ns fall@5.000ns period=10.000ns})
  Destination:            seg_data[2]
                            (output port)
  Path Group:             (none)
  Path Type:              Min at Fast Process Corner
  Data Path Delay:        2.492ns  (logic 1.502ns (60.278%)  route 0.990ns (39.722%))
  Logic Levels:           3  (LUT5=1 LUT6=1 OBUF=1)
  Clock Uncertainty:      0.025ns  ((TSJ^2 + TIJ^2)^1/2 + DJ) / 2 + PE
    Total System Jitter     (TSJ):    0.050ns
    Total Input Jitter      (TIJ):    0.000ns
    Discrete Jitter          (DJ):    0.000ns
    Phase Error              (PE):    0.000ns

    Location             Delay type                Incr(ns)  Path(ns)    Netlist Resource(s)
  -------------------------------------------------------------------    -------------------
                         (clock sys_clk_pin rise edge)
                                                      0.000     0.000 r  
    V18                                               0.000     0.000 r  clk (IN)
                         net (fo=0)                   0.000     0.000    clk
    V18                  IBUF (Prop_ibuf_I_O)         0.251     0.251 r  clk_IBUF_inst/O
                         net (fo=1, routed)           0.634     0.885    clk_IBUF
    BUFGCTRL_X0Y0        BUFG (Prop_bufg_I_O)         0.026     0.911 r  clk_IBUF_BUFG_inst/O
                         net (fo=150, routed)         0.670     1.581    tl/yellow_counter/CLK
    SLICE_X5Y136         FDRE                                         r  tl/yellow_counter/counter_reg[1]/C
  -------------------------------------------------------------------    -------------------
    SLICE_X5Y136         FDRE (Prop_fdre_C_Q)         0.141     1.722 r  tl/yellow_counter/counter_reg[1]/Q
                         net (fo=11, routed)          0.325     2.047    tl/yellow_counter/counter_reg_n_0_[1]
    SLICE_X3Y136         LUT6 (Prop_lut6_I2_O)        0.045     2.092 f  tl/yellow_counter/seg_data_OBUF[2]_inst_i_6/O
                         net (fo=1, routed)           0.114     2.206    tl/green_counter/seg_data[2]_1
    SLICE_X2Y134         LUT5 (Prop_lut5_I4_O)        0.045     2.251 r  tl/green_counter/seg_data_OBUF[2]_inst_i_1/O
                         net (fo=1, routed)           0.551     2.802    seg_data_OBUF[2]
    B20                  OBUF (Prop_obuf_I_O)         1.271     4.074 r  seg_data_OBUF[2]_inst/O
                         net (fo=0)                   0.000     4.074    seg_data[2]
    B20                                                               r  seg_data[2] (OUT)
  -------------------------------------------------------------------    -------------------





--------------------------------------------------------------------------------------
Path Group:  (none)
From Clock:  
  To Clock:  sys_clk_pin

Max Delay           150 Endpoints
Min Delay           150 Endpoints
--------------------------------------------------------------------------------------


Max Delay Paths
--------------------------------------------------------------------------------------
Slack:                    inf
  Source:                 rst
                            (input port)
  Destination:            tl/yellow_counter/counter_reg[1]/R
                            (rising edge-triggered cell FDRE clocked by sys_clk_pin  {rise@0.000ns fall@5.000ns period=10.000ns})
  Path Group:             (none)
  Path Type:              Setup (Max at Slow Process Corner)
  Data Path Delay:        5.902ns  (logic 1.648ns (27.923%)  route 4.254ns (72.077%))
  Logic Levels:           2  (IBUF=1 LUT2=1)
  Clock Path Skew:        5.049ns (DCD - SCD + CPR)
    Destination Clock Delay (DCD):    5.049ns
    Source Clock Delay      (SCD):    0.000ns
    Clock Pessimism Removal (CPR):    0.000ns
  Clock Uncertainty:      0.025ns  ((TSJ^2 + TIJ^2)^1/2 + DJ) / 2 + PE
    Total System Jitter     (TSJ):    0.050ns
    Total Input Jitter      (TIJ):    0.000ns
    Discrete Jitter          (DJ):    0.000ns
    Phase Error              (PE):    0.000ns

    Location             Delay type                Incr(ns)  Path(ns)    Netlist Resource(s)
  -------------------------------------------------------------------    -------------------
    D19                                               0.000     0.000 r  rst (IN)
                         net (fo=0)                   0.000     0.000    rst
    D19                  IBUF (Prop_ibuf_I_O)         1.496     1.496 r  rst_IBUF_inst/O
                         net (fo=109, routed)         3.328     4.824    tl/yellow_counter/rst_IBUF
    SLICE_X7Y139         LUT2 (Prop_lut2_I0_O)        0.152     4.976 r  tl/yellow_counter/counter[7]_i_1__0/O
                         net (fo=8, routed)           0.926     5.902    tl/yellow_counter/counter[7]_i_1__0_n_0
    SLICE_X5Y136         FDRE                                         r  tl/yellow_counter/counter_reg[1]/R
  -------------------------------------------------------------------    -------------------

                         (clock sys_clk_pin rise edge)
                                                      0.000     0.000 r  
    V18                                               0.000     0.000 r  clk (IN)
                         net (fo=0)                   0.000     0.000    clk
    V18                  IBUF (Prop_ibuf_I_O)         1.413     1.413 r  clk_IBUF_inst/O
                         net (fo=1, routed)           1.868     3.281    clk_IBUF
    BUFGCTRL_X0Y0        BUFG (Prop_bufg_I_O)         0.091     3.372 r  clk_IBUF_BUFG_inst/O
                         net (fo=150, routed)         1.677     5.049    tl/yellow_counter/CLK
    SLICE_X5Y136         FDRE                                         r  tl/yellow_counter/counter_reg[1]/C

Slack:                    inf
  Source:                 rst
                            (input port)
  Destination:            tl/yellow_counter/counter_reg[2]/R
                            (rising edge-triggered cell FDRE clocked by sys_clk_pin  {rise@0.000ns fall@5.000ns period=10.000ns})
  Path Group:             (none)
  Path Type:              Setup (Max at Slow Process Corner)
  Data Path Delay:        5.902ns  (logic 1.648ns (27.923%)  route 4.254ns (72.077%))
  Logic Levels:           2  (IBUF=1 LUT2=1)
  Clock Path Skew:        5.049ns (DCD - SCD + CPR)
    Destination Clock Delay (DCD):    5.049ns
    Source Clock Delay      (SCD):    0.000ns
    Clock Pessimism Removal (CPR):    0.000ns
  Clock Uncertainty:      0.025ns  ((TSJ^2 + TIJ^2)^1/2 + DJ) / 2 + PE
    Total System Jitter     (TSJ):    0.050ns
    Total Input Jitter      (TIJ):    0.000ns
    Discrete Jitter          (DJ):    0.000ns
    Phase Error              (PE):    0.000ns

    Location             Delay type                Incr(ns)  Path(ns)    Netlist Resource(s)
  -------------------------------------------------------------------    -------------------
    D19                                               0.000     0.000 r  rst (IN)
                         net (fo=0)                   0.000     0.000    rst
    D19                  IBUF (Prop_ibuf_I_O)         1.496     1.496 r  rst_IBUF_inst/O
                         net (fo=109, routed)         3.328     4.824    tl/yellow_counter/rst_IBUF
    SLICE_X7Y139         LUT2 (Prop_lut2_I0_O)        0.152     4.976 r  tl/yellow_counter/counter[7]_i_1__0/O
                         net (fo=8, routed)           0.926     5.902    tl/yellow_counter/counter[7]_i_1__0_n_0
    SLICE_X5Y136         FDRE                                         r  tl/yellow_counter/counter_reg[2]/R
  -------------------------------------------------------------------    -------------------

                         (clock sys_clk_pin rise edge)
                                                      0.000     0.000 r  
    V18                                               0.000     0.000 r  clk (IN)
                         net (fo=0)                   0.000     0.000    clk
    V18                  IBUF (Prop_ibuf_I_O)         1.413     1.413 r  clk_IBUF_inst/O
                         net (fo=1, routed)           1.868     3.281    clk_IBUF
    BUFGCTRL_X0Y0        BUFG (Prop_bufg_I_O)         0.091     3.372 r  clk_IBUF_BUFG_inst/O
                         net (fo=150, routed)         1.677     5.049    tl/yellow_counter/CLK
    SLICE_X5Y136         FDRE                                         r  tl/yellow_counter/counter_reg[2]/C

Slack:                    inf
  Source:                 rst
                            (input port)
  Destination:            tl/yellow_counter/counter_reg[6]/R
                            (rising edge-triggered cell FDRE clocked by sys_clk_pin  {rise@0.000ns fall@5.000ns period=10.000ns})
  Path Group:             (none)
  Path Type:              Setup (Max at Slow Process Corner)
  Data Path Delay:        5.902ns  (logic 1.648ns (27.923%)  route 4.254ns (72.077%))
  Logic Levels:           2  (IBUF=1 LUT2=1)
  Clock Path Skew:        5.049ns (DCD - SCD + CPR)
    Destination Clock Delay (DCD):    5.049ns
    Source Clock Delay      (SCD):    0.000ns
    Clock Pessimism Removal (CPR):    0.000ns
  Clock Uncertainty:      0.025ns  ((TSJ^2 + TIJ^2)^1/2 + DJ) / 2 + PE
    Total System Jitter     (TSJ):    0.050ns
    Total Input Jitter      (TIJ):    0.000ns
    Discrete Jitter          (DJ):    0.000ns
    Phase Error              (PE):    0.000ns

    Location             Delay type                Incr(ns)  Path(ns)    Netlist Resource(s)
  -------------------------------------------------------------------    -------------------
    D19                                               0.000     0.000 r  rst (IN)
                         net (fo=0)                   0.000     0.000    rst
    D19                  IBUF (Prop_ibuf_I_O)         1.496     1.496 r  rst_IBUF_inst/O
                         net (fo=109, routed)         3.328     4.824    tl/yellow_counter/rst_IBUF
    SLICE_X7Y139         LUT2 (Prop_lut2_I0_O)        0.152     4.976 r  tl/yellow_counter/counter[7]_i_1__0/O
                         net (fo=8, routed)           0.926     5.902    tl/yellow_counter/counter[7]_i_1__0_n_0
    SLICE_X5Y136         FDRE                                         r  tl/yellow_counter/counter_reg[6]/R
  -------------------------------------------------------------------    -------------------

                         (clock sys_clk_pin rise edge)
                                                      0.000     0.000 r  
    V18                                               0.000     0.000 r  clk (IN)
                         net (fo=0)                   0.000     0.000    clk
    V18                  IBUF (Prop_ibuf_I_O)         1.413     1.413 r  clk_IBUF_inst/O
                         net (fo=1, routed)           1.868     3.281    clk_IBUF
    BUFGCTRL_X0Y0        BUFG (Prop_bufg_I_O)         0.091     3.372 r  clk_IBUF_BUFG_inst/O
                         net (fo=150, routed)         1.677     5.049    tl/yellow_counter/CLK
    SLICE_X5Y136         FDRE                                         r  tl/yellow_counter/counter_reg[6]/C

Slack:                    inf
  Source:                 rst
                            (input port)
  Destination:            tl/yellow_counter/counter_reg[7]/R
                            (rising edge-triggered cell FDRE clocked by sys_clk_pin  {rise@0.000ns fall@5.000ns period=10.000ns})
  Path Group:             (none)
  Path Type:              Setup (Max at Slow Process Corner)
  Data Path Delay:        5.902ns  (logic 1.648ns (27.923%)  route 4.254ns (72.077%))
  Logic Levels:           2  (IBUF=1 LUT2=1)
  Clock Path Skew:        5.049ns (DCD - SCD + CPR)
    Destination Clock Delay (DCD):    5.049ns
    Source Clock Delay      (SCD):    0.000ns
    Clock Pessimism Removal (CPR):    0.000ns
  Clock Uncertainty:      0.025ns  ((TSJ^2 + TIJ^2)^1/2 + DJ) / 2 + PE
    Total System Jitter     (TSJ):    0.050ns
    Total Input Jitter      (TIJ):    0.000ns
    Discrete Jitter          (DJ):    0.000ns
    Phase Error              (PE):    0.000ns

    Location             Delay type                Incr(ns)  Path(ns)    Netlist Resource(s)
  -------------------------------------------------------------------    -------------------
    D19                                               0.000     0.000 r  rst (IN)
                         net (fo=0)                   0.000     0.000    rst
    D19                  IBUF (Prop_ibuf_I_O)         1.496     1.496 r  rst_IBUF_inst/O
                         net (fo=109, routed)         3.328     4.824    tl/yellow_counter/rst_IBUF
    SLICE_X7Y139         LUT2 (Prop_lut2_I0_O)        0.152     4.976 r  tl/yellow_counter/counter[7]_i_1__0/O
                         net (fo=8, routed)           0.926     5.902    tl/yellow_counter/counter[7]_i_1__0_n_0
    SLICE_X5Y136         FDRE                                         r  tl/yellow_counter/counter_reg[7]/R
  -------------------------------------------------------------------    -------------------

                         (clock sys_clk_pin rise edge)
                                                      0.000     0.000 r  
    V18                                               0.000     0.000 r  clk (IN)
                         net (fo=0)                   0.000     0.000    clk
    V18                  IBUF (Prop_ibuf_I_O)         1.413     1.413 r  clk_IBUF_inst/O
                         net (fo=1, routed)           1.868     3.281    clk_IBUF
    BUFGCTRL_X0Y0        BUFG (Prop_bufg_I_O)         0.091     3.372 r  clk_IBUF_BUFG_inst/O
                         net (fo=150, routed)         1.677     5.049    tl/yellow_counter/CLK
    SLICE_X5Y136         FDRE                                         r  tl/yellow_counter/counter_reg[7]/C

Slack:                    inf
  Source:                 rst
                            (input port)
  Destination:            tl/yellow_counter/counter_reg[0]/R
                            (rising edge-triggered cell FDRE clocked by sys_clk_pin  {rise@0.000ns fall@5.000ns period=10.000ns})
  Path Group:             (none)
  Path Type:              Setup (Max at Slow Process Corner)
  Data Path Delay:        5.621ns  (logic 1.648ns (29.315%)  route 3.974ns (70.685%))
  Logic Levels:           2  (IBUF=1 LUT2=1)
  Clock Path Skew:        5.050ns (DCD - SCD + CPR)
    Destination Clock Delay (DCD):    5.050ns
    Source Clock Delay      (SCD):    0.000ns
    Clock Pessimism Removal (CPR):    0.000ns
  Clock Uncertainty:      0.025ns  ((TSJ^2 + TIJ^2)^1/2 + DJ) / 2 + PE
    Total System Jitter     (TSJ):    0.050ns
    Total Input Jitter      (TIJ):    0.000ns
    Discrete Jitter          (DJ):    0.000ns
    Phase Error              (PE):    0.000ns

    Location             Delay type                Incr(ns)  Path(ns)    Netlist Resource(s)
  -------------------------------------------------------------------    -------------------
    D19                                               0.000     0.000 r  rst (IN)
                         net (fo=0)                   0.000     0.000    rst
    D19                  IBUF (Prop_ibuf_I_O)         1.496     1.496 r  rst_IBUF_inst/O
                         net (fo=109, routed)         3.328     4.824    tl/yellow_counter/rst_IBUF
    SLICE_X7Y139         LUT2 (Prop_lut2_I0_O)        0.152     4.976 r  tl/yellow_counter/counter[7]_i_1__0/O
                         net (fo=8, routed)           0.646     5.621    tl/yellow_counter/counter[7]_i_1__0_n_0
    SLICE_X7Y137         FDRE                                         r  tl/yellow_counter/counter_reg[0]/R
  -------------------------------------------------------------------    -------------------

                         (clock sys_clk_pin rise edge)
                                                      0.000     0.000 r  
    V18                                               0.000     0.000 r  clk (IN)
                         net (fo=0)                   0.000     0.000    clk
    V18                  IBUF (Prop_ibuf_I_O)         1.413     1.413 r  clk_IBUF_inst/O
                         net (fo=1, routed)           1.868     3.281    clk_IBUF
    BUFGCTRL_X0Y0        BUFG (Prop_bufg_I_O)         0.091     3.372 r  clk_IBUF_BUFG_inst/O
                         net (fo=150, routed)         1.678     5.050    tl/yellow_counter/CLK
    SLICE_X7Y137         FDRE                                         r  tl/yellow_counter/counter_reg[0]/C

Slack:                    inf
  Source:                 rst
                            (input port)
  Destination:            tl/yellow_counter/counter_reg[3]/R
                            (rising edge-triggered cell FDRE clocked by sys_clk_pin  {rise@0.000ns fall@5.000ns period=10.000ns})
  Path Group:             (none)
  Path Type:              Setup (Max at Slow Process Corner)
  Data Path Delay:        5.621ns  (logic 1.648ns (29.315%)  route 3.974ns (70.685%))
  Logic Levels:           2  (IBUF=1 LUT2=1)
  Clock Path Skew:        5.050ns (DCD - SCD + CPR)
    Destination Clock Delay (DCD):    5.050ns
    Source Clock Delay      (SCD):    0.000ns
    Clock Pessimism Removal (CPR):    0.000ns
  Clock Uncertainty:      0.025ns  ((TSJ^2 + TIJ^2)^1/2 + DJ) / 2 + PE
    Total System Jitter     (TSJ):    0.050ns
    Total Input Jitter      (TIJ):    0.000ns
    Discrete Jitter          (DJ):    0.000ns
    Phase Error              (PE):    0.000ns

    Location             Delay type                Incr(ns)  Path(ns)    Netlist Resource(s)
  -------------------------------------------------------------------    -------------------
    D19                                               0.000     0.000 r  rst (IN)
                         net (fo=0)                   0.000     0.000    rst
    D19                  IBUF (Prop_ibuf_I_O)         1.496     1.496 r  rst_IBUF_inst/O
                         net (fo=109, routed)         3.328     4.824    tl/yellow_counter/rst_IBUF
    SLICE_X7Y139         LUT2 (Prop_lut2_I0_O)        0.152     4.976 r  tl/yellow_counter/counter[7]_i_1__0/O
                         net (fo=8, routed)           0.646     5.621    tl/yellow_counter/counter[7]_i_1__0_n_0
    SLICE_X7Y137         FDRE                                         r  tl/yellow_counter/counter_reg[3]/R
  -------------------------------------------------------------------    -------------------

                         (clock sys_clk_pin rise edge)
                                                      0.000     0.000 r  
    V18                                               0.000     0.000 r  clk (IN)
                         net (fo=0)                   0.000     0.000    clk
    V18                  IBUF (Prop_ibuf_I_O)         1.413     1.413 r  clk_IBUF_inst/O
                         net (fo=1, routed)           1.868     3.281    clk_IBUF
    BUFGCTRL_X0Y0        BUFG (Prop_bufg_I_O)         0.091     3.372 r  clk_IBUF_BUFG_inst/O
                         net (fo=150, routed)         1.678     5.050    tl/yellow_counter/CLK
    SLICE_X7Y137         FDRE                                         r  tl/yellow_counter/counter_reg[3]/C

Slack:                    inf
  Source:                 rst
                            (input port)
  Destination:            tl/yellow_counter/counter_reg[4]/R
                            (rising edge-triggered cell FDRE clocked by sys_clk_pin  {rise@0.000ns fall@5.000ns period=10.000ns})
  Path Group:             (none)
  Path Type:              Setup (Max at Slow Process Corner)
  Data Path Delay:        5.621ns  (logic 1.648ns (29.315%)  route 3.974ns (70.685%))
  Logic Levels:           2  (IBUF=1 LUT2=1)
  Clock Path Skew:        5.050ns (DCD - SCD + CPR)
    Destination Clock Delay (DCD):    5.050ns
    Source Clock Delay      (SCD):    0.000ns
    Clock Pessimism Removal (CPR):    0.000ns
  Clock Uncertainty:      0.025ns  ((TSJ^2 + TIJ^2)^1/2 + DJ) / 2 + PE
    Total System Jitter     (TSJ):    0.050ns
    Total Input Jitter      (TIJ):    0.000ns
    Discrete Jitter          (DJ):    0.000ns
    Phase Error              (PE):    0.000ns

    Location             Delay type                Incr(ns)  Path(ns)    Netlist Resource(s)
  -------------------------------------------------------------------    -------------------
    D19                                               0.000     0.000 r  rst (IN)
                         net (fo=0)                   0.000     0.000    rst
    D19                  IBUF (Prop_ibuf_I_O)         1.496     1.496 r  rst_IBUF_inst/O
                         net (fo=109, routed)         3.328     4.824    tl/yellow_counter/rst_IBUF
    SLICE_X7Y139         LUT2 (Prop_lut2_I0_O)        0.152     4.976 r  tl/yellow_counter/counter[7]_i_1__0/O
                         net (fo=8, routed)           0.646     5.621    tl/yellow_counter/counter[7]_i_1__0_n_0
    SLICE_X7Y137         FDRE                                         r  tl/yellow_counter/counter_reg[4]/R
  -------------------------------------------------------------------    -------------------

                         (clock sys_clk_pin rise edge)
                                                      0.000     0.000 r  
    V18                                               0.000     0.000 r  clk (IN)
                         net (fo=0)                   0.000     0.000    clk
    V18                  IBUF (Prop_ibuf_I_O)         1.413     1.413 r  clk_IBUF_inst/O
                         net (fo=1, routed)           1.868     3.281    clk_IBUF
    BUFGCTRL_X0Y0        BUFG (Prop_bufg_I_O)         0.091     3.372 r  clk_IBUF_BUFG_inst/O
                         net (fo=150, routed)         1.678     5.050    tl/yellow_counter/CLK
    SLICE_X7Y137         FDRE                                         r  tl/yellow_counter/counter_reg[4]/C

Slack:                    inf
  Source:                 rst
                            (input port)
  Destination:            tl/yellow_counter/counter_reg[5]/R
                            (rising edge-triggered cell FDRE clocked by sys_clk_pin  {rise@0.000ns fall@5.000ns period=10.000ns})
  Path Group:             (none)
  Path Type:              Setup (Max at Slow Process Corner)
  Data Path Delay:        5.621ns  (logic 1.648ns (29.315%)  route 3.974ns (70.685%))
  Logic Levels:           2  (IBUF=1 LUT2=1)
  Clock Path Skew:        5.050ns (DCD - SCD + CPR)
    Destination Clock Delay (DCD):    5.050ns
    Source Clock Delay      (SCD):    0.000ns
    Clock Pessimism Removal (CPR):    0.000ns
  Clock Uncertainty:      0.025ns  ((TSJ^2 + TIJ^2)^1/2 + DJ) / 2 + PE
    Total System Jitter     (TSJ):    0.050ns
    Total Input Jitter      (TIJ):    0.000ns
    Discrete Jitter          (DJ):    0.000ns
    Phase Error              (PE):    0.000ns

    Location             Delay type                Incr(ns)  Path(ns)    Netlist Resource(s)
  -------------------------------------------------------------------    -------------------
    D19                                               0.000     0.000 r  rst (IN)
                         net (fo=0)                   0.000     0.000    rst
    D19                  IBUF (Prop_ibuf_I_O)         1.496     1.496 r  rst_IBUF_inst/O
                         net (fo=109, routed)         3.328     4.824    tl/yellow_counter/rst_IBUF
    SLICE_X7Y139         LUT2 (Prop_lut2_I0_O)        0.152     4.976 r  tl/yellow_counter/counter[7]_i_1__0/O
                         net (fo=8, routed)           0.646     5.621    tl/yellow_counter/counter[7]_i_1__0_n_0
    SLICE_X7Y137         FDRE                                         r  tl/yellow_counter/counter_reg[5]/R
  -------------------------------------------------------------------    -------------------

                         (clock sys_clk_pin rise edge)
                                                      0.000     0.000 r  
    V18                                               0.000     0.000 r  clk (IN)
                         net (fo=0)                   0.000     0.000    clk
    V18                  IBUF (Prop_ibuf_I_O)         1.413     1.413 r  clk_IBUF_inst/O
                         net (fo=1, routed)           1.868     3.281    clk_IBUF
    BUFGCTRL_X0Y0        BUFG (Prop_bufg_I_O)         0.091     3.372 r  clk_IBUF_BUFG_inst/O
                         net (fo=150, routed)         1.678     5.050    tl/yellow_counter/CLK
    SLICE_X7Y137         FDRE                                         r  tl/yellow_counter/counter_reg[5]/C

Slack:                    inf
  Source:                 rst
                            (input port)
  Destination:            tl/green_counter/counter_reg[0]/R
                            (rising edge-triggered cell FDRE clocked by sys_clk_pin  {rise@0.000ns fall@5.000ns period=10.000ns})
  Path Group:             (none)
  Path Type:              Setup (Max at Slow Process Corner)
  Data Path Delay:        5.366ns  (logic 1.620ns (30.191%)  route 3.746ns (69.809%))
  Logic Levels:           2  (IBUF=1 LUT2=1)
  Clock Path Skew:        5.047ns (DCD - SCD + CPR)
    Destination Clock Delay (DCD):    5.047ns
    Source Clock Delay      (SCD):    0.000ns
    Clock Pessimism Removal (CPR):    0.000ns
  Clock Uncertainty:      0.025ns  ((TSJ^2 + TIJ^2)^1/2 + DJ) / 2 + PE
    Total System Jitter     (TSJ):    0.050ns
    Total Input Jitter      (TIJ):    0.000ns
    Discrete Jitter          (DJ):    0.000ns
    Phase Error              (PE):    0.000ns

    Location             Delay type                Incr(ns)  Path(ns)    Netlist Resource(s)
  -------------------------------------------------------------------    -------------------
    D19                                               0.000     0.000 r  rst (IN)
                         net (fo=0)                   0.000     0.000    rst
    D19                  IBUF (Prop_ibuf_I_O)         1.496     1.496 r  rst_IBUF_inst/O
                         net (fo=109, routed)         2.739     4.235    tl/green_counter/rst_IBUF
    SLICE_X3Y137         LUT2 (Prop_lut2_I0_O)        0.124     4.359 r  tl/green_counter/counter[7]_i_1/O
                         net (fo=8, routed)           1.006     5.366    tl/green_counter/p_0_in
    SLICE_X4Y133         FDRE                                         r  tl/green_counter/counter_reg[0]/R
  -------------------------------------------------------------------    -------------------

                         (clock sys_clk_pin rise edge)
                                                      0.000     0.000 r  
    V18                                               0.000     0.000 r  clk (IN)
                         net (fo=0)                   0.000     0.000    clk
    V18                  IBUF (Prop_ibuf_I_O)         1.413     1.413 r  clk_IBUF_inst/O
                         net (fo=1, routed)           1.868     3.281    clk_IBUF
    BUFGCTRL_X0Y0        BUFG (Prop_bufg_I_O)         0.091     3.372 r  clk_IBUF_BUFG_inst/O
                         net (fo=150, routed)         1.675     5.047    tl/green_counter/CLK
    SLICE_X4Y133         FDRE                                         r  tl/green_counter/counter_reg[0]/C

Slack:                    inf
  Source:                 rst
                            (input port)
  Destination:            tl/green_counter/counter_reg[2]/R
                            (rising edge-triggered cell FDRE clocked by sys_clk_pin  {rise@0.000ns fall@5.000ns period=10.000ns})
  Path Group:             (none)
  Path Type:              Setup (Max at Slow Process Corner)
  Data Path Delay:        5.361ns  (logic 1.620ns (30.216%)  route 3.741ns (69.784%))
  Logic Levels:           2  (IBUF=1 LUT2=1)
  Clock Path Skew:        5.047ns (DCD - SCD + CPR)
    Destination Clock Delay (DCD):    5.047ns
    Source Clock Delay      (SCD):    0.000ns
    Clock Pessimism Removal (CPR):    0.000ns
  Clock Uncertainty:      0.025ns  ((TSJ^2 + TIJ^2)^1/2 + DJ) / 2 + PE
    Total System Jitter     (TSJ):    0.050ns
    Total Input Jitter      (TIJ):    0.000ns
    Discrete Jitter          (DJ):    0.000ns
    Phase Error              (PE):    0.000ns

    Location             Delay type                Incr(ns)  Path(ns)    Netlist Resource(s)
  -------------------------------------------------------------------    -------------------
    D19                                               0.000     0.000 r  rst (IN)
                         net (fo=0)                   0.000     0.000    rst
    D19                  IBUF (Prop_ibuf_I_O)         1.496     1.496 r  rst_IBUF_inst/O
                         net (fo=109, routed)         2.739     4.235    tl/green_counter/rst_IBUF
    SLICE_X3Y137         LUT2 (Prop_lut2_I0_O)        0.124     4.359 r  tl/green_counter/counter[7]_i_1/O
                         net (fo=8, routed)           1.002     5.361    tl/green_counter/p_0_in
    SLICE_X5Y133         FDRE                                         r  tl/green_counter/counter_reg[2]/R
  -------------------------------------------------------------------    -------------------

                         (clock sys_clk_pin rise edge)
                                                      0.000     0.000 r  
    V18                                               0.000     0.000 r  clk (IN)
                         net (fo=0)                   0.000     0.000    clk
    V18                  IBUF (Prop_ibuf_I_O)         1.413     1.413 r  clk_IBUF_inst/O
                         net (fo=1, routed)           1.868     3.281    clk_IBUF
    BUFGCTRL_X0Y0        BUFG (Prop_bufg_I_O)         0.091     3.372 r  clk_IBUF_BUFG_inst/O
                         net (fo=150, routed)         1.675     5.047    tl/green_counter/CLK
    SLICE_X5Y133         FDRE                                         r  tl/green_counter/counter_reg[2]/C





Min Delay Paths
--------------------------------------------------------------------------------------
Slack:                    inf
  Source:                 rst
                            (input port)
  Destination:            sd/seg_id_reg[0]/R
                            (rising edge-triggered cell FDRE clocked by sys_clk_pin  {rise@0.000ns fall@5.000ns period=10.000ns})
  Path Group:             (none)
  Path Type:              Hold (Min at Fast Process Corner)
  Data Path Delay:        0.816ns  (logic 0.264ns (32.317%)  route 0.552ns (67.683%))
  Logic Levels:           1  (IBUF=1)
  Clock Path Skew:        2.100ns (DCD - SCD - CPR)
    Destination Clock Delay (DCD):    2.100ns
    Source Clock Delay      (SCD):    0.000ns
    Clock Pessimism Removal (CPR):    -0.000ns

    Location             Delay type                Incr(ns)  Path(ns)    Netlist Resource(s)
  -------------------------------------------------------------------    -------------------
    D19                                               0.000     0.000 r  rst (IN)
                         net (fo=0)                   0.000     0.000    rst
    D19                  IBUF (Prop_ibuf_I_O)         0.264     0.264 r  rst_IBUF_inst/O
                         net (fo=109, routed)         0.552     0.816    sd/rst_IBUF
    SLICE_X0Y116         FDRE                                         r  sd/seg_id_reg[0]/R
  -------------------------------------------------------------------    -------------------

                         (clock sys_clk_pin rise edge)
                                                      0.000     0.000 r  
    V18                                               0.000     0.000 r  clk (IN)
                         net (fo=0)                   0.000     0.000    clk
    V18                  IBUF (Prop_ibuf_I_O)         0.439     0.439 r  clk_IBUF_inst/O
                         net (fo=1, routed)           0.689     1.127    clk_IBUF
    BUFGCTRL_X0Y0        BUFG (Prop_bufg_I_O)         0.029     1.156 r  clk_IBUF_BUFG_inst/O
                         net (fo=150, routed)         0.943     2.100    sd/clk_IBUF_BUFG
    SLICE_X0Y116         FDRE                                         r  sd/seg_id_reg[0]/C

Slack:                    inf
  Source:                 rst
                            (input port)
  Destination:            sd/seg_id_reg[0]__0/R
                            (rising edge-triggered cell FDRE clocked by sys_clk_pin  {rise@0.000ns fall@5.000ns period=10.000ns})
  Path Group:             (none)
  Path Type:              Hold (Min at Fast Process Corner)
  Data Path Delay:        0.816ns  (logic 0.264ns (32.317%)  route 0.552ns (67.683%))
  Logic Levels:           1  (IBUF=1)
  Clock Path Skew:        2.100ns (DCD - SCD - CPR)
    Destination Clock Delay (DCD):    2.100ns
    Source Clock Delay      (SCD):    0.000ns
    Clock Pessimism Removal (CPR):    -0.000ns

    Location             Delay type                Incr(ns)  Path(ns)    Netlist Resource(s)
  -------------------------------------------------------------------    -------------------
    D19                                               0.000     0.000 r  rst (IN)
                         net (fo=0)                   0.000     0.000    rst
    D19                  IBUF (Prop_ibuf_I_O)         0.264     0.264 r  rst_IBUF_inst/O
                         net (fo=109, routed)         0.552     0.816    sd/rst_IBUF
    SLICE_X0Y116         FDRE                                         r  sd/seg_id_reg[0]__0/R
  -------------------------------------------------------------------    -------------------

                         (clock sys_clk_pin rise edge)
                                                      0.000     0.000 r  
    V18                                               0.000     0.000 r  clk (IN)
                         net (fo=0)                   0.000     0.000    clk
    V18                  IBUF (Prop_ibuf_I_O)         0.439     0.439 r  clk_IBUF_inst/O
                         net (fo=1, routed)           0.689     1.127    clk_IBUF
    BUFGCTRL_X0Y0        BUFG (Prop_bufg_I_O)         0.029     1.156 r  clk_IBUF_BUFG_inst/O
                         net (fo=150, routed)         0.943     2.100    sd/clk_IBUF_BUFG
    SLICE_X0Y116         FDRE                                         r  sd/seg_id_reg[0]__0/C

Slack:                    inf
  Source:                 rst
                            (input port)
  Destination:            sd/seg_id_reg[1]/R
                            (rising edge-triggered cell FDRE clocked by sys_clk_pin  {rise@0.000ns fall@5.000ns period=10.000ns})
  Path Group:             (none)
  Path Type:              Hold (Min at Fast Process Corner)
  Data Path Delay:        0.816ns  (logic 0.264ns (32.317%)  route 0.552ns (67.683%))
  Logic Levels:           1  (IBUF=1)
  Clock Path Skew:        2.100ns (DCD - SCD - CPR)
    Destination Clock Delay (DCD):    2.100ns
    Source Clock Delay      (SCD):    0.000ns
    Clock Pessimism Removal (CPR):    -0.000ns

    Location             Delay type                Incr(ns)  Path(ns)    Netlist Resource(s)
  -------------------------------------------------------------------    -------------------
    D19                                               0.000     0.000 r  rst (IN)
                         net (fo=0)                   0.000     0.000    rst
    D19                  IBUF (Prop_ibuf_I_O)         0.264     0.264 r  rst_IBUF_inst/O
                         net (fo=109, routed)         0.552     0.816    sd/rst_IBUF
    SLICE_X0Y116         FDRE                                         r  sd/seg_id_reg[1]/R
  -------------------------------------------------------------------    -------------------

                         (clock sys_clk_pin rise edge)
                                                      0.000     0.000 r  
    V18                                               0.000     0.000 r  clk (IN)
                         net (fo=0)                   0.000     0.000    clk
    V18                  IBUF (Prop_ibuf_I_O)         0.439     0.439 r  clk_IBUF_inst/O
                         net (fo=1, routed)           0.689     1.127    clk_IBUF
    BUFGCTRL_X0Y0        BUFG (Prop_bufg_I_O)         0.029     1.156 r  clk_IBUF_BUFG_inst/O
                         net (fo=150, routed)         0.943     2.100    sd/clk_IBUF_BUFG
    SLICE_X0Y116         FDRE                                         r  sd/seg_id_reg[1]/C

Slack:                    inf
  Source:                 rst
                            (input port)
  Destination:            sd/seg_id_reg[1]__0/R
                            (rising edge-triggered cell FDRE clocked by sys_clk_pin  {rise@0.000ns fall@5.000ns period=10.000ns})
  Path Group:             (none)
  Path Type:              Hold (Min at Fast Process Corner)
  Data Path Delay:        0.816ns  (logic 0.264ns (32.317%)  route 0.552ns (67.683%))
  Logic Levels:           1  (IBUF=1)
  Clock Path Skew:        2.100ns (DCD - SCD - CPR)
    Destination Clock Delay (DCD):    2.100ns
    Source Clock Delay      (SCD):    0.000ns
    Clock Pessimism Removal (CPR):    -0.000ns

    Location             Delay type                Incr(ns)  Path(ns)    Netlist Resource(s)
  -------------------------------------------------------------------    -------------------
    D19                                               0.000     0.000 r  rst (IN)
                         net (fo=0)                   0.000     0.000    rst
    D19                  IBUF (Prop_ibuf_I_O)         0.264     0.264 r  rst_IBUF_inst/O
                         net (fo=109, routed)         0.552     0.816    sd/rst_IBUF
    SLICE_X0Y116         FDRE                                         r  sd/seg_id_reg[1]__0/R
  -------------------------------------------------------------------    -------------------

                         (clock sys_clk_pin rise edge)
                                                      0.000     0.000 r  
    V18                                               0.000     0.000 r  clk (IN)
                         net (fo=0)                   0.000     0.000    clk
    V18                  IBUF (Prop_ibuf_I_O)         0.439     0.439 r  clk_IBUF_inst/O
                         net (fo=1, routed)           0.689     1.127    clk_IBUF
    BUFGCTRL_X0Y0        BUFG (Prop_bufg_I_O)         0.029     1.156 r  clk_IBUF_BUFG_inst/O
                         net (fo=150, routed)         0.943     2.100    sd/clk_IBUF_BUFG
    SLICE_X0Y116         FDRE                                         r  sd/seg_id_reg[1]__0/C

Slack:                    inf
  Source:                 rst
                            (input port)
  Destination:            sd/seg_id_reg[2]/R
                            (rising edge-triggered cell FDRE clocked by sys_clk_pin  {rise@0.000ns fall@5.000ns period=10.000ns})
  Path Group:             (none)
  Path Type:              Hold (Min at Fast Process Corner)
  Data Path Delay:        0.816ns  (logic 0.264ns (32.317%)  route 0.552ns (67.683%))
  Logic Levels:           1  (IBUF=1)
  Clock Path Skew:        2.100ns (DCD - SCD - CPR)
    Destination Clock Delay (DCD):    2.100ns
    Source Clock Delay      (SCD):    0.000ns
    Clock Pessimism Removal (CPR):    -0.000ns

    Location             Delay type                Incr(ns)  Path(ns)    Netlist Resource(s)
  -------------------------------------------------------------------    -------------------
    D19                                               0.000     0.000 r  rst (IN)
                         net (fo=0)                   0.000     0.000    rst
    D19                  IBUF (Prop_ibuf_I_O)         0.264     0.264 r  rst_IBUF_inst/O
                         net (fo=109, routed)         0.552     0.816    sd/rst_IBUF
    SLICE_X0Y116         FDRE                                         r  sd/seg_id_reg[2]/R
  -------------------------------------------------------------------    -------------------

                         (clock sys_clk_pin rise edge)
                                                      0.000     0.000 r  
    V18                                               0.000     0.000 r  clk (IN)
                         net (fo=0)                   0.000     0.000    clk
    V18                  IBUF (Prop_ibuf_I_O)         0.439     0.439 r  clk_IBUF_inst/O
                         net (fo=1, routed)           0.689     1.127    clk_IBUF
    BUFGCTRL_X0Y0        BUFG (Prop_bufg_I_O)         0.029     1.156 r  clk_IBUF_BUFG_inst/O
                         net (fo=150, routed)         0.943     2.100    sd/clk_IBUF_BUFG
    SLICE_X0Y116         FDRE                                         r  sd/seg_id_reg[2]/C

Slack:                    inf
  Source:                 rst
                            (input port)
  Destination:            sd/light_reg/D
                            (rising edge-triggered cell FDRE clocked by sys_clk_pin  {rise@0.000ns fall@5.000ns period=10.000ns})
  Path Group:             (none)
  Path Type:              Hold (Min at Fast Process Corner)
  Data Path Delay:        0.930ns  (logic 0.309ns (33.172%)  route 0.622ns (66.828%))
  Logic Levels:           2  (IBUF=1 LUT6=1)
  Clock Path Skew:        2.100ns (DCD - SCD - CPR)
    Destination Clock Delay (DCD):    2.100ns
    Source Clock Delay      (SCD):    0.000ns
    Clock Pessimism Removal (CPR):    -0.000ns

    Location             Delay type                Incr(ns)  Path(ns)    Netlist Resource(s)
  -------------------------------------------------------------------    -------------------
    D19                                               0.000     0.000 r  rst (IN)
                         net (fo=0)                   0.000     0.000    rst
    D19                  IBUF (Prop_ibuf_I_O)         0.264     0.264 r  rst_IBUF_inst/O
                         net (fo=109, routed)         0.622     0.885    sd/rst_IBUF
    SLICE_X1Y116         LUT6 (Prop_lut6_I5_O)        0.045     0.930 r  sd/light_i_1/O
                         net (fo=1, routed)           0.000     0.930    sd/light_i_1_n_0
    SLICE_X1Y116         FDRE                                         r  sd/light_reg/D
  -------------------------------------------------------------------    -------------------

                         (clock sys_clk_pin rise edge)
                                                      0.000     0.000 r  
    V18                                               0.000     0.000 r  clk (IN)
                         net (fo=0)                   0.000     0.000    clk
    V18                  IBUF (Prop_ibuf_I_O)         0.439     0.439 r  clk_IBUF_inst/O
                         net (fo=1, routed)           0.689     1.127    clk_IBUF
    BUFGCTRL_X0Y0        BUFG (Prop_bufg_I_O)         0.029     1.156 r  clk_IBUF_BUFG_inst/O
                         net (fo=150, routed)         0.943     2.100    sd/clk_IBUF_BUFG
    SLICE_X1Y116         FDRE                                         r  sd/light_reg/C

Slack:                    inf
  Source:                 rst
                            (input port)
  Destination:            tl/red_counter/count_reg[1]/R
                            (rising edge-triggered cell FDRE clocked by sys_clk_pin  {rise@0.000ns fall@5.000ns period=10.000ns})
  Path Group:             (none)
  Path Type:              Hold (Min at Fast Process Corner)
  Data Path Delay:        0.935ns  (logic 0.264ns (28.184%)  route 0.672ns (71.816%))
  Logic Levels:           1  (IBUF=1)
  Clock Path Skew:        2.101ns (DCD - SCD - CPR)
    Destination Clock Delay (DCD):    2.101ns
    Source Clock Delay      (SCD):    0.000ns
    Clock Pessimism Removal (CPR):    -0.000ns

    Location             Delay type                Incr(ns)  Path(ns)    Netlist Resource(s)
  -------------------------------------------------------------------    -------------------
    D19                                               0.000     0.000 r  rst (IN)
                         net (fo=0)                   0.000     0.000    rst
    D19                  IBUF (Prop_ibuf_I_O)         0.264     0.264 r  rst_IBUF_inst/O
                         net (fo=109, routed)         0.672     0.935    tl/red_counter/rst_IBUF
    SLICE_X1Y134         FDRE                                         r  tl/red_counter/count_reg[1]/R
  -------------------------------------------------------------------    -------------------

                         (clock sys_clk_pin rise edge)
                                                      0.000     0.000 r  
    V18                                               0.000     0.000 r  clk (IN)
                         net (fo=0)                   0.000     0.000    clk
    V18                  IBUF (Prop_ibuf_I_O)         0.439     0.439 r  clk_IBUF_inst/O
                         net (fo=1, routed)           0.689     1.127    clk_IBUF
    BUFGCTRL_X0Y0        BUFG (Prop_bufg_I_O)         0.029     1.156 r  clk_IBUF_BUFG_inst/O
                         net (fo=150, routed)         0.944     2.101    tl/red_counter/CLK
    SLICE_X1Y134         FDRE                                         r  tl/red_counter/count_reg[1]/C

Slack:                    inf
  Source:                 rst
                            (input port)
  Destination:            tl/red_counter/count_reg[2]/R
                            (rising edge-triggered cell FDRE clocked by sys_clk_pin  {rise@0.000ns fall@5.000ns period=10.000ns})
  Path Group:             (none)
  Path Type:              Hold (Min at Fast Process Corner)
  Data Path Delay:        0.935ns  (logic 0.264ns (28.184%)  route 0.672ns (71.816%))
  Logic Levels:           1  (IBUF=1)
  Clock Path Skew:        2.101ns (DCD - SCD - CPR)
    Destination Clock Delay (DCD):    2.101ns
    Source Clock Delay      (SCD):    0.000ns
    Clock Pessimism Removal (CPR):    -0.000ns

    Location             Delay type                Incr(ns)  Path(ns)    Netlist Resource(s)
  -------------------------------------------------------------------    -------------------
    D19                                               0.000     0.000 r  rst (IN)
                         net (fo=0)                   0.000     0.000    rst
    D19                  IBUF (Prop_ibuf_I_O)         0.264     0.264 r  rst_IBUF_inst/O
                         net (fo=109, routed)         0.672     0.935    tl/red_counter/rst_IBUF
    SLICE_X1Y134         FDRE                                         r  tl/red_counter/count_reg[2]/R
  -------------------------------------------------------------------    -------------------

                         (clock sys_clk_pin rise edge)
                                                      0.000     0.000 r  
    V18                                               0.000     0.000 r  clk (IN)
                         net (fo=0)                   0.000     0.000    clk
    V18                  IBUF (Prop_ibuf_I_O)         0.439     0.439 r  clk_IBUF_inst/O
                         net (fo=1, routed)           0.689     1.127    clk_IBUF
    BUFGCTRL_X0Y0        BUFG (Prop_bufg_I_O)         0.029     1.156 r  clk_IBUF_BUFG_inst/O
                         net (fo=150, routed)         0.944     2.101    tl/red_counter/CLK
    SLICE_X1Y134         FDRE                                         r  tl/red_counter/count_reg[2]/C

Slack:                    inf
  Source:                 rst
                            (input port)
  Destination:            tl/red_counter/count_reg[3]/R
                            (rising edge-triggered cell FDRE clocked by sys_clk_pin  {rise@0.000ns fall@5.000ns period=10.000ns})
  Path Group:             (none)
  Path Type:              Hold (Min at Fast Process Corner)
  Data Path Delay:        0.935ns  (logic 0.264ns (28.184%)  route 0.672ns (71.816%))
  Logic Levels:           1  (IBUF=1)
  Clock Path Skew:        2.101ns (DCD - SCD - CPR)
    Destination Clock Delay (DCD):    2.101ns
    Source Clock Delay      (SCD):    0.000ns
    Clock Pessimism Removal (CPR):    -0.000ns

    Location             Delay type                Incr(ns)  Path(ns)    Netlist Resource(s)
  -------------------------------------------------------------------    -------------------
    D19                                               0.000     0.000 r  rst (IN)
                         net (fo=0)                   0.000     0.000    rst
    D19                  IBUF (Prop_ibuf_I_O)         0.264     0.264 r  rst_IBUF_inst/O
                         net (fo=109, routed)         0.672     0.935    tl/red_counter/rst_IBUF
    SLICE_X1Y134         FDRE                                         r  tl/red_counter/count_reg[3]/R
  -------------------------------------------------------------------    -------------------

                         (clock sys_clk_pin rise edge)
                                                      0.000     0.000 r  
    V18                                               0.000     0.000 r  clk (IN)
                         net (fo=0)                   0.000     0.000    clk
    V18                  IBUF (Prop_ibuf_I_O)         0.439     0.439 r  clk_IBUF_inst/O
                         net (fo=1, routed)           0.689     1.127    clk_IBUF
    BUFGCTRL_X0Y0        BUFG (Prop_bufg_I_O)         0.029     1.156 r  clk_IBUF_BUFG_inst/O
                         net (fo=150, routed)         0.944     2.101    tl/red_counter/CLK
    SLICE_X1Y134         FDRE                                         r  tl/red_counter/count_reg[3]/C

Slack:                    inf
  Source:                 rst
                            (input port)
  Destination:            tl/red_counter/count_reg[4]/R
                            (rising edge-triggered cell FDRE clocked by sys_clk_pin  {rise@0.000ns fall@5.000ns period=10.000ns})
  Path Group:             (none)
  Path Type:              Hold (Min at Fast Process Corner)
  Data Path Delay:        0.935ns  (logic 0.264ns (28.184%)  route 0.672ns (71.816%))
  Logic Levels:           1  (IBUF=1)
  Clock Path Skew:        2.101ns (DCD - SCD - CPR)
    Destination Clock Delay (DCD):    2.101ns
    Source Clock Delay      (SCD):    0.000ns
    Clock Pessimism Removal (CPR):    -0.000ns

    Location             Delay type                Incr(ns)  Path(ns)    Netlist Resource(s)
  -------------------------------------------------------------------    -------------------
    D19                                               0.000     0.000 r  rst (IN)
                         net (fo=0)                   0.000     0.000    rst
    D19                  IBUF (Prop_ibuf_I_O)         0.264     0.264 r  rst_IBUF_inst/O
                         net (fo=109, routed)         0.672     0.935    tl/red_counter/rst_IBUF
    SLICE_X1Y134         FDRE                                         r  tl/red_counter/count_reg[4]/R
  -------------------------------------------------------------------    -------------------

                         (clock sys_clk_pin rise edge)
                                                      0.000     0.000 r  
    V18                                               0.000     0.000 r  clk (IN)
                         net (fo=0)                   0.000     0.000    clk
    V18                  IBUF (Prop_ibuf_I_O)         0.439     0.439 r  clk_IBUF_inst/O
                         net (fo=1, routed)           0.689     1.127    clk_IBUF
    BUFGCTRL_X0Y0        BUFG (Prop_bufg_I_O)         0.029     1.156 r  clk_IBUF_BUFG_inst/O
                         net (fo=150, routed)         0.944     2.101    tl/red_counter/CLK
    SLICE_X1Y134         FDRE                                         r  tl/red_counter/count_reg[4]/C





