Copyright 1986-2022 Xilinx, Inc. All Rights Reserved. Copyright 2022-2023 Advanced Micro Devices, Inc. All Rights Reserved.
------------------------------------------------------------------------------------------------------------------------------------------------------------------------------------------------------
| Tool Version : Vivado v.2023.2 (win64) Build 4029153 Fri Oct 13 20:14:34 MDT 2023
| Date         : Sat Sep 20 17:25:17 2025
| Host         : DESKTOP-ROOSFVQ running 64-bit major release  (build 9200)
| Command      : report_timing_summary -max_paths 10 -report_unconstrained -file LED_timing_summary_routed.rpt -pb LED_timing_summary_routed.pb -rpx LED_timing_summary_routed.rpx -warn_on_violation
| Design       : LED
| Device       : 7a35t-fgg484
| Speed File   : -1  PRODUCTION 1.23 2018-06-13
| Design State : Routed
------------------------------------------------------------------------------------------------------------------------------------------------------------------------------------------------------

Timing Summary Report

------------------------------------------------------------------------------------------------
| Timer Settings
| --------------
------------------------------------------------------------------------------------------------

  Enable Multi Corner Analysis               :  Yes
  Enable Pessimism Removal                   :  Yes
  Pessimism Removal Resolution               :  Nearest Common Node
  Enable Input Delay Default Clock           :  No
  Enable Preset / Clear Arcs                 :  No
  Disable Flight Delays                      :  No
  Ignore I/O Paths                           :  No
  Timing Early Launch at Borrowing Latches   :  No
  Borrow Time for Max Delay Exceptions       :  Yes
  Merge Timing Exceptions                    :  Yes
  Inter-SLR Compensation                     :  Conservative

  Corner  Analyze    Analyze    
  Name    Max Paths  Min Paths  
  ------  ---------  ---------  
  Slow    Yes        Yes        
  Fast    Yes        Yes        


------------------------------------------------------------------------------------------------
| Report Methodology
| ------------------
------------------------------------------------------------------------------------------------

Rule       Severity  Description                    Violations  
---------  --------  -----------------------------  ----------  
TIMING-18  Warning   Missing input or output delay  17          

Note: This report is based on the most recent report_methodology run and may not be up-to-date. Run report_methodology on the current design for the latest report.



check_timing report

Table of Contents
-----------------
1. checking no_clock (0)
2. checking constant_clock (0)
3. checking pulse_width_clock (0)
4. checking unconstrained_internal_endpoints (0)
5. checking no_input_delay (4)
6. checking no_output_delay (8)
7. checking multiple_clock (0)
8. checking generated_clocks (0)
9. checking loops (0)
10. checking partial_input_delay (0)
11. checking partial_output_delay (0)
12. checking latch_loops (0)

1. checking no_clock (0)
------------------------
 There are 0 register/latch pins with no clock.


2. checking constant_clock (0)
------------------------------
 There are 0 register/latch pins with constant_clock.


3. checking pulse_width_clock (0)
---------------------------------
 There are 0 register/latch pins which need pulse_width check


4. checking unconstrained_internal_endpoints (0)
------------------------------------------------
 There are 0 pins that are not constrained for maximum delay.

 There are 0 pins that are not constrained for maximum delay due to constant clock.


5. checking no_input_delay (4)
------------------------------
 There are 4 input ports with no input delay specified. (HIGH)

 There are 0 input ports with no input delay but user has a false path constraint.


6. checking no_output_delay (8)
-------------------------------
 There are 8 ports with no output delay specified. (HIGH)

 There are 0 ports with no output delay but user has a false path constraint

 There are 0 ports with no output delay but with a timing clock defined on it or propagating through it


7. checking multiple_clock (0)
------------------------------
 There are 0 register/latch pins with multiple clocks.


8. checking generated_clocks (0)
--------------------------------
 There are 0 generated clocks that are not connected to a clock source.


9. checking loops (0)
---------------------
 There are 0 combinational loops in the design.


10. checking partial_input_delay (0)
------------------------------------
 There are 0 input ports with partial input delay specified.


11. checking partial_output_delay (0)
-------------------------------------
 There are 0 ports with partial output delay specified.


12. checking latch_loops (0)
----------------------------
 There are 0 combinational latch loops in the design through latch input



------------------------------------------------------------------------------------------------
| Design Timing Summary
| ---------------------
------------------------------------------------------------------------------------------------

    WNS(ns)      TNS(ns)  TNS Failing Endpoints  TNS Total Endpoints      WHS(ns)      THS(ns)  THS Failing Endpoints  THS Total Endpoints     WPWS(ns)     TPWS(ns)  TPWS Failing Endpoints  TPWS Total Endpoints  
    -------      -------  ---------------------  -------------------      -------      -------  ---------------------  -------------------     --------     --------  ----------------------  --------------------  
      5.067        0.000                      0                   80        0.227        0.000                      0                   80        4.500        0.000                       0                    41  


All user specified timing constraints are met.


------------------------------------------------------------------------------------------------
| Clock Summary
| -------------
------------------------------------------------------------------------------------------------

Clock        Waveform(ns)       Period(ns)      Frequency(MHz)
-----        ------------       ----------      --------------
sys_clk_pin  {0.000 5.000}      10.000          100.000         


------------------------------------------------------------------------------------------------
| Intra Clock Table
| -----------------
------------------------------------------------------------------------------------------------

Clock             WNS(ns)      TNS(ns)  TNS Failing Endpoints  TNS Total Endpoints      WHS(ns)      THS(ns)  THS Failing Endpoints  THS Total Endpoints     WPWS(ns)     TPWS(ns)  TPWS Failing Endpoints  TPWS Total Endpoints  
-----             -------      -------  ---------------------  -------------------      -------      -------  ---------------------  -------------------     --------     --------  ----------------------  --------------------  
sys_clk_pin         5.067        0.000                      0                   80        0.227        0.000                      0                   80        4.500        0.000                       0                    41  


------------------------------------------------------------------------------------------------
| Inter Clock Table
| -----------------
------------------------------------------------------------------------------------------------

From Clock    To Clock          WNS(ns)      TNS(ns)  TNS Failing Endpoints  TNS Total Endpoints      WHS(ns)      THS(ns)  THS Failing Endpoints  THS Total Endpoints  
----------    --------          -------      -------  ---------------------  -------------------      -------      -------  ---------------------  -------------------  


------------------------------------------------------------------------------------------------
| Other Path Groups Table
| -----------------------
------------------------------------------------------------------------------------------------

Path Group    From Clock    To Clock          WNS(ns)      TNS(ns)  TNS Failing Endpoints  TNS Total Endpoints      WHS(ns)      THS(ns)  THS Failing Endpoints  THS Total Endpoints  
----------    ----------    --------          -------      -------  ---------------------  -------------------      -------      -------  ---------------------  -------------------  


------------------------------------------------------------------------------------------------
| User Ignored Path Table
| -----------------------
------------------------------------------------------------------------------------------------

Path Group    From Clock    To Clock    
----------    ----------    --------    


------------------------------------------------------------------------------------------------
| Unconstrained Path Table
| ------------------------
------------------------------------------------------------------------------------------------

Path Group    From Clock    To Clock    
----------    ----------    --------    
(none)        sys_clk_pin                 
(none)                      sys_clk_pin   


------------------------------------------------------------------------------------------------
| Timing Details
| --------------
------------------------------------------------------------------------------------------------


---------------------------------------------------------------------------------------------------
From Clock:  sys_clk_pin
  To Clock:  sys_clk_pin

Setup :            0  Failing Endpoints,  Worst Slack        5.067ns,  Total Violation        0.000ns
Hold  :            0  Failing Endpoints,  Worst Slack        0.227ns,  Total Violation        0.000ns
PW    :            0  Failing Endpoints,  Worst Slack        4.500ns,  Total Violation        0.000ns
---------------------------------------------------------------------------------------------------


Max Delay Paths
--------------------------------------------------------------------------------------
Slack (MET) :             5.067ns  (required time - arrival time)
  Source:                 count_1hz_reg[10]/C
                            (rising edge-triggered cell FDRE clocked by sys_clk_pin  {rise@0.000ns fall@5.000ns period=10.000ns})
  Destination:            count_1hz_reg[28]/R
                            (rising edge-triggered cell FDRE clocked by sys_clk_pin  {rise@0.000ns fall@5.000ns period=10.000ns})
  Path Group:             sys_clk_pin
  Path Type:              Setup (Max at Slow Process Corner)
  Requirement:            10.000ns  (sys_clk_pin rise@10.000ns - sys_clk_pin rise@0.000ns)
  Data Path Delay:        4.449ns  (logic 1.471ns (33.064%)  route 2.978ns (66.936%))
  Logic Levels:           5  (CARRY4=3 LUT2=1 LUT4=1)
  Clock Path Skew:        -0.020ns (DCD - SCD + CPR)
    Destination Clock Delay (DCD):    5.051ns = ( 15.051 - 10.000 ) 
    Source Clock Delay      (SCD):    5.351ns
    Clock Pessimism Removal (CPR):    0.280ns
  Clock Uncertainty:      0.035ns  ((TSJ^2 + TIJ^2)^1/2 + DJ) / 2 + PE
    Total System Jitter     (TSJ):    0.071ns
    Total Input Jitter      (TIJ):    0.000ns
    Discrete Jitter          (DJ):    0.000ns
    Phase Error              (PE):    0.000ns

    Location             Delay type                Incr(ns)  Path(ns)    Netlist Resource(s)
  -------------------------------------------------------------------    -------------------
                         (clock sys_clk_pin rise edge)
                                                      0.000     0.000 r  
    V18                                               0.000     0.000 r  clk (IN)
                         net (fo=0)                   0.000     0.000    clk
    V18                  IBUF (Prop_ibuf_I_O)         1.483     1.483 r  clk_IBUF_inst/O
                         net (fo=1, routed)           1.972     3.455    clk_IBUF
    BUFGCTRL_X0Y0        BUFG (Prop_bufg_I_O)         0.096     3.551 r  clk_IBUF_BUFG_inst/O
                         net (fo=40, routed)          1.800     5.351    clk_IBUF_BUFG
    SLICE_X3Y132         FDRE                                         r  count_1hz_reg[10]/C
  -------------------------------------------------------------------    -------------------
    SLICE_X3Y132         FDRE (Prop_fdre_C_Q)         0.456     5.807 f  count_1hz_reg[10]/Q
                         net (fo=4, routed)           0.866     6.673    count_1hz_reg[10]
    SLICE_X2Y132         LUT4 (Prop_lut4_I0_O)        0.124     6.797 r  count_1hz[0]_i_30/O
                         net (fo=1, routed)           0.000     6.797    count_1hz[0]_i_30_n_0
    SLICE_X2Y132         CARRY4 (Prop_carry4_S[1]_CO[3])
                                                      0.533     7.330 r  count_1hz_reg[0]_i_14/CO[3]
                         net (fo=1, routed)           0.000     7.330    count_1hz_reg[0]_i_14_n_0
    SLICE_X2Y133         CARRY4 (Prop_carry4_CI_CO[3])
                                                      0.117     7.447 r  count_1hz_reg[0]_i_5/CO[3]
                         net (fo=1, routed)           0.000     7.447    count_1hz_reg[0]_i_5_n_0
    SLICE_X2Y134         CARRY4 (Prop_carry4_CI_CO[3])
                                                      0.117     7.564 r  count_1hz_reg[0]_i_3/CO[3]
                         net (fo=1, routed)           0.768     8.332    count_1hz_reg[0]_i_3_n_0
    SLICE_X4Y132         LUT2 (Prop_lut2_I0_O)        0.124     8.456 r  count_1hz[0]_i_1/O
                         net (fo=32, routed)          1.344     9.800    count_1hz[0]_i_1_n_0
    SLICE_X3Y137         FDRE                                         r  count_1hz_reg[28]/R
  -------------------------------------------------------------------    -------------------

                         (clock sys_clk_pin rise edge)
                                                     10.000    10.000 r  
    V18                                               0.000    10.000 r  clk (IN)
                         net (fo=0)                   0.000    10.000    clk
    V18                  IBUF (Prop_ibuf_I_O)         1.413    11.413 r  clk_IBUF_inst/O
                         net (fo=1, routed)           1.868    13.281    clk_IBUF
    BUFGCTRL_X0Y0        BUFG (Prop_bufg_I_O)         0.091    13.372 r  clk_IBUF_BUFG_inst/O
                         net (fo=40, routed)          1.679    15.051    clk_IBUF_BUFG
    SLICE_X3Y137         FDRE                                         r  count_1hz_reg[28]/C
                         clock pessimism              0.280    15.331    
                         clock uncertainty           -0.035    15.296    
    SLICE_X3Y137         FDRE (Setup_fdre_C_R)       -0.429    14.867    count_1hz_reg[28]
  -------------------------------------------------------------------
                         required time                         14.867    
                         arrival time                          -9.800    
  -------------------------------------------------------------------
                         slack                                  5.067    

Slack (MET) :             5.067ns  (required time - arrival time)
  Source:                 count_1hz_reg[10]/C
                            (rising edge-triggered cell FDRE clocked by sys_clk_pin  {rise@0.000ns fall@5.000ns period=10.000ns})
  Destination:            count_1hz_reg[29]/R
                            (rising edge-triggered cell FDRE clocked by sys_clk_pin  {rise@0.000ns fall@5.000ns period=10.000ns})
  Path Group:             sys_clk_pin
  Path Type:              Setup (Max at Slow Process Corner)
  Requirement:            10.000ns  (sys_clk_pin rise@10.000ns - sys_clk_pin rise@0.000ns)
  Data Path Delay:        4.449ns  (logic 1.471ns (33.064%)  route 2.978ns (66.936%))
  Logic Levels:           5  (CARRY4=3 LUT2=1 LUT4=1)
  Clock Path Skew:        -0.020ns (DCD - SCD + CPR)
    Destination Clock Delay (DCD):    5.051ns = ( 15.051 - 10.000 ) 
    Source Clock Delay      (SCD):    5.351ns
    Clock Pessimism Removal (CPR):    0.280ns
  Clock Uncertainty:      0.035ns  ((TSJ^2 + TIJ^2)^1/2 + DJ) / 2 + PE
    Total System Jitter     (TSJ):    0.071ns
    Total Input Jitter      (TIJ):    0.000ns
    Discrete Jitter          (DJ):    0.000ns
    Phase Error              (PE):    0.000ns

    Location             Delay type                Incr(ns)  Path(ns)    Netlist Resource(s)
  -------------------------------------------------------------------    -------------------
                         (clock sys_clk_pin rise edge)
                                                      0.000     0.000 r  
    V18                                               0.000     0.000 r  clk (IN)
                         net (fo=0)                   0.000     0.000    clk
    V18                  IBUF (Prop_ibuf_I_O)         1.483     1.483 r  clk_IBUF_inst/O
                         net (fo=1, routed)           1.972     3.455    clk_IBUF
    BUFGCTRL_X0Y0        BUFG (Prop_bufg_I_O)         0.096     3.551 r  clk_IBUF_BUFG_inst/O
                         net (fo=40, routed)          1.800     5.351    clk_IBUF_BUFG
    SLICE_X3Y132         FDRE                                         r  count_1hz_reg[10]/C
  -------------------------------------------------------------------    -------------------
    SLICE_X3Y132         FDRE (Prop_fdre_C_Q)         0.456     5.807 f  count_1hz_reg[10]/Q
                         net (fo=4, routed)           0.866     6.673    count_1hz_reg[10]
    SLICE_X2Y132         LUT4 (Prop_lut4_I0_O)        0.124     6.797 r  count_1hz[0]_i_30/O
                         net (fo=1, routed)           0.000     6.797    count_1hz[0]_i_30_n_0
    SLICE_X2Y132         CARRY4 (Prop_carry4_S[1]_CO[3])
                                                      0.533     7.330 r  count_1hz_reg[0]_i_14/CO[3]
                         net (fo=1, routed)           0.000     7.330    count_1hz_reg[0]_i_14_n_0
    SLICE_X2Y133         CARRY4 (Prop_carry4_CI_CO[3])
                                                      0.117     7.447 r  count_1hz_reg[0]_i_5/CO[3]
                         net (fo=1, routed)           0.000     7.447    count_1hz_reg[0]_i_5_n_0
    SLICE_X2Y134         CARRY4 (Prop_carry4_CI_CO[3])
                                                      0.117     7.564 r  count_1hz_reg[0]_i_3/CO[3]
                         net (fo=1, routed)           0.768     8.332    count_1hz_reg[0]_i_3_n_0
    SLICE_X4Y132         LUT2 (Prop_lut2_I0_O)        0.124     8.456 r  count_1hz[0]_i_1/O
                         net (fo=32, routed)          1.344     9.800    count_1hz[0]_i_1_n_0
    SLICE_X3Y137         FDRE                                         r  count_1hz_reg[29]/R
  -------------------------------------------------------------------    -------------------

                         (clock sys_clk_pin rise edge)
                                                     10.000    10.000 r  
    V18                                               0.000    10.000 r  clk (IN)
                         net (fo=0)                   0.000    10.000    clk
    V18                  IBUF (Prop_ibuf_I_O)         1.413    11.413 r  clk_IBUF_inst/O
                         net (fo=1, routed)           1.868    13.281    clk_IBUF
    BUFGCTRL_X0Y0        BUFG (Prop_bufg_I_O)         0.091    13.372 r  clk_IBUF_BUFG_inst/O
                         net (fo=40, routed)          1.679    15.051    clk_IBUF_BUFG
    SLICE_X3Y137         FDRE                                         r  count_1hz_reg[29]/C
                         clock pessimism              0.280    15.331    
                         clock uncertainty           -0.035    15.296    
    SLICE_X3Y137         FDRE (Setup_fdre_C_R)       -0.429    14.867    count_1hz_reg[29]
  -------------------------------------------------------------------
                         required time                         14.867    
                         arrival time                          -9.800    
  -------------------------------------------------------------------
                         slack                                  5.067    

Slack (MET) :             5.067ns  (required time - arrival time)
  Source:                 count_1hz_reg[10]/C
                            (rising edge-triggered cell FDRE clocked by sys_clk_pin  {rise@0.000ns fall@5.000ns period=10.000ns})
  Destination:            count_1hz_reg[30]/R
                            (rising edge-triggered cell FDRE clocked by sys_clk_pin  {rise@0.000ns fall@5.000ns period=10.000ns})
  Path Group:             sys_clk_pin
  Path Type:              Setup (Max at Slow Process Corner)
  Requirement:            10.000ns  (sys_clk_pin rise@10.000ns - sys_clk_pin rise@0.000ns)
  Data Path Delay:        4.449ns  (logic 1.471ns (33.064%)  route 2.978ns (66.936%))
  Logic Levels:           5  (CARRY4=3 LUT2=1 LUT4=1)
  Clock Path Skew:        -0.020ns (DCD - SCD + CPR)
    Destination Clock Delay (DCD):    5.051ns = ( 15.051 - 10.000 ) 
    Source Clock Delay      (SCD):    5.351ns
    Clock Pessimism Removal (CPR):    0.280ns
  Clock Uncertainty:      0.035ns  ((TSJ^2 + TIJ^2)^1/2 + DJ) / 2 + PE
    Total System Jitter     (TSJ):    0.071ns
    Total Input Jitter      (TIJ):    0.000ns
    Discrete Jitter          (DJ):    0.000ns
    Phase Error              (PE):    0.000ns

    Location             Delay type                Incr(ns)  Path(ns)    Netlist Resource(s)
  -------------------------------------------------------------------    -------------------
                         (clock sys_clk_pin rise edge)
                                                      0.000     0.000 r  
    V18                                               0.000     0.000 r  clk (IN)
                         net (fo=0)                   0.000     0.000    clk
    V18                  IBUF (Prop_ibuf_I_O)         1.483     1.483 r  clk_IBUF_inst/O
                         net (fo=1, routed)           1.972     3.455    clk_IBUF
    BUFGCTRL_X0Y0        BUFG (Prop_bufg_I_O)         0.096     3.551 r  clk_IBUF_BUFG_inst/O
                         net (fo=40, routed)          1.800     5.351    clk_IBUF_BUFG
    SLICE_X3Y132         FDRE                                         r  count_1hz_reg[10]/C
  -------------------------------------------------------------------    -------------------
    SLICE_X3Y132         FDRE (Prop_fdre_C_Q)         0.456     5.807 f  count_1hz_reg[10]/Q
                         net (fo=4, routed)           0.866     6.673    count_1hz_reg[10]
    SLICE_X2Y132         LUT4 (Prop_lut4_I0_O)        0.124     6.797 r  count_1hz[0]_i_30/O
                         net (fo=1, routed)           0.000     6.797    count_1hz[0]_i_30_n_0
    SLICE_X2Y132         CARRY4 (Prop_carry4_S[1]_CO[3])
                                                      0.533     7.330 r  count_1hz_reg[0]_i_14/CO[3]
                         net (fo=1, routed)           0.000     7.330    count_1hz_reg[0]_i_14_n_0
    SLICE_X2Y133         CARRY4 (Prop_carry4_CI_CO[3])
                                                      0.117     7.447 r  count_1hz_reg[0]_i_5/CO[3]
                         net (fo=1, routed)           0.000     7.447    count_1hz_reg[0]_i_5_n_0
    SLICE_X2Y134         CARRY4 (Prop_carry4_CI_CO[3])
                                                      0.117     7.564 r  count_1hz_reg[0]_i_3/CO[3]
                         net (fo=1, routed)           0.768     8.332    count_1hz_reg[0]_i_3_n_0
    SLICE_X4Y132         LUT2 (Prop_lut2_I0_O)        0.124     8.456 r  count_1hz[0]_i_1/O
                         net (fo=32, routed)          1.344     9.800    count_1hz[0]_i_1_n_0
    SLICE_X3Y137         FDRE                                         r  count_1hz_reg[30]/R
  -------------------------------------------------------------------    -------------------

                         (clock sys_clk_pin rise edge)
                                                     10.000    10.000 r  
    V18                                               0.000    10.000 r  clk (IN)
                         net (fo=0)                   0.000    10.000    clk
    V18                  IBUF (Prop_ibuf_I_O)         1.413    11.413 r  clk_IBUF_inst/O
                         net (fo=1, routed)           1.868    13.281    clk_IBUF
    BUFGCTRL_X0Y0        BUFG (Prop_bufg_I_O)         0.091    13.372 r  clk_IBUF_BUFG_inst/O
                         net (fo=40, routed)          1.679    15.051    clk_IBUF_BUFG
    SLICE_X3Y137         FDRE                                         r  count_1hz_reg[30]/C
                         clock pessimism              0.280    15.331    
                         clock uncertainty           -0.035    15.296    
    SLICE_X3Y137         FDRE (Setup_fdre_C_R)       -0.429    14.867    count_1hz_reg[30]
  -------------------------------------------------------------------
                         required time                         14.867    
                         arrival time                          -9.800    
  -------------------------------------------------------------------
                         slack                                  5.067    

Slack (MET) :             5.067ns  (required time - arrival time)
  Source:                 count_1hz_reg[10]/C
                            (rising edge-triggered cell FDRE clocked by sys_clk_pin  {rise@0.000ns fall@5.000ns period=10.000ns})
  Destination:            count_1hz_reg[31]/R
                            (rising edge-triggered cell FDRE clocked by sys_clk_pin  {rise@0.000ns fall@5.000ns period=10.000ns})
  Path Group:             sys_clk_pin
  Path Type:              Setup (Max at Slow Process Corner)
  Requirement:            10.000ns  (sys_clk_pin rise@10.000ns - sys_clk_pin rise@0.000ns)
  Data Path Delay:        4.449ns  (logic 1.471ns (33.064%)  route 2.978ns (66.936%))
  Logic Levels:           5  (CARRY4=3 LUT2=1 LUT4=1)
  Clock Path Skew:        -0.020ns (DCD - SCD + CPR)
    Destination Clock Delay (DCD):    5.051ns = ( 15.051 - 10.000 ) 
    Source Clock Delay      (SCD):    5.351ns
    Clock Pessimism Removal (CPR):    0.280ns
  Clock Uncertainty:      0.035ns  ((TSJ^2 + TIJ^2)^1/2 + DJ) / 2 + PE
    Total System Jitter     (TSJ):    0.071ns
    Total Input Jitter      (TIJ):    0.000ns
    Discrete Jitter          (DJ):    0.000ns
    Phase Error              (PE):    0.000ns

    Location             Delay type                Incr(ns)  Path(ns)    Netlist Resource(s)
  -------------------------------------------------------------------    -------------------
                         (clock sys_clk_pin rise edge)
                                                      0.000     0.000 r  
    V18                                               0.000     0.000 r  clk (IN)
                         net (fo=0)                   0.000     0.000    clk
    V18                  IBUF (Prop_ibuf_I_O)         1.483     1.483 r  clk_IBUF_inst/O
                         net (fo=1, routed)           1.972     3.455    clk_IBUF
    BUFGCTRL_X0Y0        BUFG (Prop_bufg_I_O)         0.096     3.551 r  clk_IBUF_BUFG_inst/O
                         net (fo=40, routed)          1.800     5.351    clk_IBUF_BUFG
    SLICE_X3Y132         FDRE                                         r  count_1hz_reg[10]/C
  -------------------------------------------------------------------    -------------------
    SLICE_X3Y132         FDRE (Prop_fdre_C_Q)         0.456     5.807 f  count_1hz_reg[10]/Q
                         net (fo=4, routed)           0.866     6.673    count_1hz_reg[10]
    SLICE_X2Y132         LUT4 (Prop_lut4_I0_O)        0.124     6.797 r  count_1hz[0]_i_30/O
                         net (fo=1, routed)           0.000     6.797    count_1hz[0]_i_30_n_0
    SLICE_X2Y132         CARRY4 (Prop_carry4_S[1]_CO[3])
                                                      0.533     7.330 r  count_1hz_reg[0]_i_14/CO[3]
                         net (fo=1, routed)           0.000     7.330    count_1hz_reg[0]_i_14_n_0
    SLICE_X2Y133         CARRY4 (Prop_carry4_CI_CO[3])
                                                      0.117     7.447 r  count_1hz_reg[0]_i_5/CO[3]
                         net (fo=1, routed)           0.000     7.447    count_1hz_reg[0]_i_5_n_0
    SLICE_X2Y134         CARRY4 (Prop_carry4_CI_CO[3])
                                                      0.117     7.564 r  count_1hz_reg[0]_i_3/CO[3]
                         net (fo=1, routed)           0.768     8.332    count_1hz_reg[0]_i_3_n_0
    SLICE_X4Y132         LUT2 (Prop_lut2_I0_O)        0.124     8.456 r  count_1hz[0]_i_1/O
                         net (fo=32, routed)          1.344     9.800    count_1hz[0]_i_1_n_0
    SLICE_X3Y137         FDRE                                         r  count_1hz_reg[31]/R
  -------------------------------------------------------------------    -------------------

                         (clock sys_clk_pin rise edge)
                                                     10.000    10.000 r  
    V18                                               0.000    10.000 r  clk (IN)
                         net (fo=0)                   0.000    10.000    clk
    V18                  IBUF (Prop_ibuf_I_O)         1.413    11.413 r  clk_IBUF_inst/O
                         net (fo=1, routed)           1.868    13.281    clk_IBUF
    BUFGCTRL_X0Y0        BUFG (Prop_bufg_I_O)         0.091    13.372 r  clk_IBUF_BUFG_inst/O
                         net (fo=40, routed)          1.679    15.051    clk_IBUF_BUFG
    SLICE_X3Y137         FDRE                                         r  count_1hz_reg[31]/C
                         clock pessimism              0.280    15.331    
                         clock uncertainty           -0.035    15.296    
    SLICE_X3Y137         FDRE (Setup_fdre_C_R)       -0.429    14.867    count_1hz_reg[31]
  -------------------------------------------------------------------
                         required time                         14.867    
                         arrival time                          -9.800    
  -------------------------------------------------------------------
                         slack                                  5.067    

Slack (MET) :             5.208ns  (required time - arrival time)
  Source:                 count_1hz_reg[10]/C
                            (rising edge-triggered cell FDRE clocked by sys_clk_pin  {rise@0.000ns fall@5.000ns period=10.000ns})
  Destination:            count_1hz_reg[24]/R
                            (rising edge-triggered cell FDRE clocked by sys_clk_pin  {rise@0.000ns fall@5.000ns period=10.000ns})
  Path Group:             sys_clk_pin
  Path Type:              Setup (Max at Slow Process Corner)
  Requirement:            10.000ns  (sys_clk_pin rise@10.000ns - sys_clk_pin rise@0.000ns)
  Data Path Delay:        4.307ns  (logic 1.471ns (34.153%)  route 2.836ns (65.847%))
  Logic Levels:           5  (CARRY4=3 LUT2=1 LUT4=1)
  Clock Path Skew:        -0.021ns (DCD - SCD + CPR)
    Destination Clock Delay (DCD):    5.050ns = ( 15.050 - 10.000 ) 
    Source Clock Delay      (SCD):    5.351ns
    Clock Pessimism Removal (CPR):    0.280ns
  Clock Uncertainty:      0.035ns  ((TSJ^2 + TIJ^2)^1/2 + DJ) / 2 + PE
    Total System Jitter     (TSJ):    0.071ns
    Total Input Jitter      (TIJ):    0.000ns
    Discrete Jitter          (DJ):    0.000ns
    Phase Error              (PE):    0.000ns

    Location             Delay type                Incr(ns)  Path(ns)    Netlist Resource(s)
  -------------------------------------------------------------------    -------------------
                         (clock sys_clk_pin rise edge)
                                                      0.000     0.000 r  
    V18                                               0.000     0.000 r  clk (IN)
                         net (fo=0)                   0.000     0.000    clk
    V18                  IBUF (Prop_ibuf_I_O)         1.483     1.483 r  clk_IBUF_inst/O
                         net (fo=1, routed)           1.972     3.455    clk_IBUF
    BUFGCTRL_X0Y0        BUFG (Prop_bufg_I_O)         0.096     3.551 r  clk_IBUF_BUFG_inst/O
                         net (fo=40, routed)          1.800     5.351    clk_IBUF_BUFG
    SLICE_X3Y132         FDRE                                         r  count_1hz_reg[10]/C
  -------------------------------------------------------------------    -------------------
    SLICE_X3Y132         FDRE (Prop_fdre_C_Q)         0.456     5.807 f  count_1hz_reg[10]/Q
                         net (fo=4, routed)           0.866     6.673    count_1hz_reg[10]
    SLICE_X2Y132         LUT4 (Prop_lut4_I0_O)        0.124     6.797 r  count_1hz[0]_i_30/O
                         net (fo=1, routed)           0.000     6.797    count_1hz[0]_i_30_n_0
    SLICE_X2Y132         CARRY4 (Prop_carry4_S[1]_CO[3])
                                                      0.533     7.330 r  count_1hz_reg[0]_i_14/CO[3]
                         net (fo=1, routed)           0.000     7.330    count_1hz_reg[0]_i_14_n_0
    SLICE_X2Y133         CARRY4 (Prop_carry4_CI_CO[3])
                                                      0.117     7.447 r  count_1hz_reg[0]_i_5/CO[3]
                         net (fo=1, routed)           0.000     7.447    count_1hz_reg[0]_i_5_n_0
    SLICE_X2Y134         CARRY4 (Prop_carry4_CI_CO[3])
                                                      0.117     7.564 r  count_1hz_reg[0]_i_3/CO[3]
                         net (fo=1, routed)           0.768     8.332    count_1hz_reg[0]_i_3_n_0
    SLICE_X4Y132         LUT2 (Prop_lut2_I0_O)        0.124     8.456 r  count_1hz[0]_i_1/O
                         net (fo=32, routed)          1.202     9.658    count_1hz[0]_i_1_n_0
    SLICE_X3Y136         FDRE                                         r  count_1hz_reg[24]/R
  -------------------------------------------------------------------    -------------------

                         (clock sys_clk_pin rise edge)
                                                     10.000    10.000 r  
    V18                                               0.000    10.000 r  clk (IN)
                         net (fo=0)                   0.000    10.000    clk
    V18                  IBUF (Prop_ibuf_I_O)         1.413    11.413 r  clk_IBUF_inst/O
                         net (fo=1, routed)           1.868    13.281    clk_IBUF
    BUFGCTRL_X0Y0        BUFG (Prop_bufg_I_O)         0.091    13.372 r  clk_IBUF_BUFG_inst/O
                         net (fo=40, routed)          1.678    15.050    clk_IBUF_BUFG
    SLICE_X3Y136         FDRE                                         r  count_1hz_reg[24]/C
                         clock pessimism              0.280    15.330    
                         clock uncertainty           -0.035    15.295    
    SLICE_X3Y136         FDRE (Setup_fdre_C_R)       -0.429    14.866    count_1hz_reg[24]
  -------------------------------------------------------------------
                         required time                         14.866    
                         arrival time                          -9.658    
  -------------------------------------------------------------------
                         slack                                  5.208    

Slack (MET) :             5.208ns  (required time - arrival time)
  Source:                 count_1hz_reg[10]/C
                            (rising edge-triggered cell FDRE clocked by sys_clk_pin  {rise@0.000ns fall@5.000ns period=10.000ns})
  Destination:            count_1hz_reg[25]/R
                            (rising edge-triggered cell FDRE clocked by sys_clk_pin  {rise@0.000ns fall@5.000ns period=10.000ns})
  Path Group:             sys_clk_pin
  Path Type:              Setup (Max at Slow Process Corner)
  Requirement:            10.000ns  (sys_clk_pin rise@10.000ns - sys_clk_pin rise@0.000ns)
  Data Path Delay:        4.307ns  (logic 1.471ns (34.153%)  route 2.836ns (65.847%))
  Logic Levels:           5  (CARRY4=3 LUT2=1 LUT4=1)
  Clock Path Skew:        -0.021ns (DCD - SCD + CPR)
    Destination Clock Delay (DCD):    5.050ns = ( 15.050 - 10.000 ) 
    Source Clock Delay      (SCD):    5.351ns
    Clock Pessimism Removal (CPR):    0.280ns
  Clock Uncertainty:      0.035ns  ((TSJ^2 + TIJ^2)^1/2 + DJ) / 2 + PE
    Total System Jitter     (TSJ):    0.071ns
    Total Input Jitter      (TIJ):    0.000ns
    Discrete Jitter          (DJ):    0.000ns
    Phase Error              (PE):    0.000ns

    Location             Delay type                Incr(ns)  Path(ns)    Netlist Resource(s)
  -------------------------------------------------------------------    -------------------
                         (clock sys_clk_pin rise edge)
                                                      0.000     0.000 r  
    V18                                               0.000     0.000 r  clk (IN)
                         net (fo=0)                   0.000     0.000    clk
    V18                  IBUF (Prop_ibuf_I_O)         1.483     1.483 r  clk_IBUF_inst/O
                         net (fo=1, routed)           1.972     3.455    clk_IBUF
    BUFGCTRL_X0Y0        BUFG (Prop_bufg_I_O)         0.096     3.551 r  clk_IBUF_BUFG_inst/O
                         net (fo=40, routed)          1.800     5.351    clk_IBUF_BUFG
    SLICE_X3Y132         FDRE                                         r  count_1hz_reg[10]/C
  -------------------------------------------------------------------    -------------------
    SLICE_X3Y132         FDRE (Prop_fdre_C_Q)         0.456     5.807 f  count_1hz_reg[10]/Q
                         net (fo=4, routed)           0.866     6.673    count_1hz_reg[10]
    SLICE_X2Y132         LUT4 (Prop_lut4_I0_O)        0.124     6.797 r  count_1hz[0]_i_30/O
                         net (fo=1, routed)           0.000     6.797    count_1hz[0]_i_30_n_0
    SLICE_X2Y132         CARRY4 (Prop_carry4_S[1]_CO[3])
                                                      0.533     7.330 r  count_1hz_reg[0]_i_14/CO[3]
                         net (fo=1, routed)           0.000     7.330    count_1hz_reg[0]_i_14_n_0
    SLICE_X2Y133         CARRY4 (Prop_carry4_CI_CO[3])
                                                      0.117     7.447 r  count_1hz_reg[0]_i_5/CO[3]
                         net (fo=1, routed)           0.000     7.447    count_1hz_reg[0]_i_5_n_0
    SLICE_X2Y134         CARRY4 (Prop_carry4_CI_CO[3])
                                                      0.117     7.564 r  count_1hz_reg[0]_i_3/CO[3]
                         net (fo=1, routed)           0.768     8.332    count_1hz_reg[0]_i_3_n_0
    SLICE_X4Y132         LUT2 (Prop_lut2_I0_O)        0.124     8.456 r  count_1hz[0]_i_1/O
                         net (fo=32, routed)          1.202     9.658    count_1hz[0]_i_1_n_0
    SLICE_X3Y136         FDRE                                         r  count_1hz_reg[25]/R
  -------------------------------------------------------------------    -------------------

                         (clock sys_clk_pin rise edge)
                                                     10.000    10.000 r  
    V18                                               0.000    10.000 r  clk (IN)
                         net (fo=0)                   0.000    10.000    clk
    V18                  IBUF (Prop_ibuf_I_O)         1.413    11.413 r  clk_IBUF_inst/O
                         net (fo=1, routed)           1.868    13.281    clk_IBUF
    BUFGCTRL_X0Y0        BUFG (Prop_bufg_I_O)         0.091    13.372 r  clk_IBUF_BUFG_inst/O
                         net (fo=40, routed)          1.678    15.050    clk_IBUF_BUFG
    SLICE_X3Y136         FDRE                                         r  count_1hz_reg[25]/C
                         clock pessimism              0.280    15.330    
                         clock uncertainty           -0.035    15.295    
    SLICE_X3Y136         FDRE (Setup_fdre_C_R)       -0.429    14.866    count_1hz_reg[25]
  -------------------------------------------------------------------
                         required time                         14.866    
                         arrival time                          -9.658    
  -------------------------------------------------------------------
                         slack                                  5.208    

Slack (MET) :             5.208ns  (required time - arrival time)
  Source:                 count_1hz_reg[10]/C
                            (rising edge-triggered cell FDRE clocked by sys_clk_pin  {rise@0.000ns fall@5.000ns period=10.000ns})
  Destination:            count_1hz_reg[26]/R
                            (rising edge-triggered cell FDRE clocked by sys_clk_pin  {rise@0.000ns fall@5.000ns period=10.000ns})
  Path Group:             sys_clk_pin
  Path Type:              Setup (Max at Slow Process Corner)
  Requirement:            10.000ns  (sys_clk_pin rise@10.000ns - sys_clk_pin rise@0.000ns)
  Data Path Delay:        4.307ns  (logic 1.471ns (34.153%)  route 2.836ns (65.847%))
  Logic Levels:           5  (CARRY4=3 LUT2=1 LUT4=1)
  Clock Path Skew:        -0.021ns (DCD - SCD + CPR)
    Destination Clock Delay (DCD):    5.050ns = ( 15.050 - 10.000 ) 
    Source Clock Delay      (SCD):    5.351ns
    Clock Pessimism Removal (CPR):    0.280ns
  Clock Uncertainty:      0.035ns  ((TSJ^2 + TIJ^2)^1/2 + DJ) / 2 + PE
    Total System Jitter     (TSJ):    0.071ns
    Total Input Jitter      (TIJ):    0.000ns
    Discrete Jitter          (DJ):    0.000ns
    Phase Error              (PE):    0.000ns

    Location             Delay type                Incr(ns)  Path(ns)    Netlist Resource(s)
  -------------------------------------------------------------------    -------------------
                         (clock sys_clk_pin rise edge)
                                                      0.000     0.000 r  
    V18                                               0.000     0.000 r  clk (IN)
                         net (fo=0)                   0.000     0.000    clk
    V18                  IBUF (Prop_ibuf_I_O)         1.483     1.483 r  clk_IBUF_inst/O
                         net (fo=1, routed)           1.972     3.455    clk_IBUF
    BUFGCTRL_X0Y0        BUFG (Prop_bufg_I_O)         0.096     3.551 r  clk_IBUF_BUFG_inst/O
                         net (fo=40, routed)          1.800     5.351    clk_IBUF_BUFG
    SLICE_X3Y132         FDRE                                         r  count_1hz_reg[10]/C
  -------------------------------------------------------------------    -------------------
    SLICE_X3Y132         FDRE (Prop_fdre_C_Q)         0.456     5.807 f  count_1hz_reg[10]/Q
                         net (fo=4, routed)           0.866     6.673    count_1hz_reg[10]
    SLICE_X2Y132         LUT4 (Prop_lut4_I0_O)        0.124     6.797 r  count_1hz[0]_i_30/O
                         net (fo=1, routed)           0.000     6.797    count_1hz[0]_i_30_n_0
    SLICE_X2Y132         CARRY4 (Prop_carry4_S[1]_CO[3])
                                                      0.533     7.330 r  count_1hz_reg[0]_i_14/CO[3]
                         net (fo=1, routed)           0.000     7.330    count_1hz_reg[0]_i_14_n_0
    SLICE_X2Y133         CARRY4 (Prop_carry4_CI_CO[3])
                                                      0.117     7.447 r  count_1hz_reg[0]_i_5/CO[3]
                         net (fo=1, routed)           0.000     7.447    count_1hz_reg[0]_i_5_n_0
    SLICE_X2Y134         CARRY4 (Prop_carry4_CI_CO[3])
                                                      0.117     7.564 r  count_1hz_reg[0]_i_3/CO[3]
                         net (fo=1, routed)           0.768     8.332    count_1hz_reg[0]_i_3_n_0
    SLICE_X4Y132         LUT2 (Prop_lut2_I0_O)        0.124     8.456 r  count_1hz[0]_i_1/O
                         net (fo=32, routed)          1.202     9.658    count_1hz[0]_i_1_n_0
    SLICE_X3Y136         FDRE                                         r  count_1hz_reg[26]/R
  -------------------------------------------------------------------    -------------------

                         (clock sys_clk_pin rise edge)
                                                     10.000    10.000 r  
    V18                                               0.000    10.000 r  clk (IN)
                         net (fo=0)                   0.000    10.000    clk
    V18                  IBUF (Prop_ibuf_I_O)         1.413    11.413 r  clk_IBUF_inst/O
                         net (fo=1, routed)           1.868    13.281    clk_IBUF
    BUFGCTRL_X0Y0        BUFG (Prop_bufg_I_O)         0.091    13.372 r  clk_IBUF_BUFG_inst/O
                         net (fo=40, routed)          1.678    15.050    clk_IBUF_BUFG
    SLICE_X3Y136         FDRE                                         r  count_1hz_reg[26]/C
                         clock pessimism              0.280    15.330    
                         clock uncertainty           -0.035    15.295    
    SLICE_X3Y136         FDRE (Setup_fdre_C_R)       -0.429    14.866    count_1hz_reg[26]
  -------------------------------------------------------------------
                         required time                         14.866    
                         arrival time                          -9.658    
  -------------------------------------------------------------------
                         slack                                  5.208    

Slack (MET) :             5.208ns  (required time - arrival time)
  Source:                 count_1hz_reg[10]/C
                            (rising edge-triggered cell FDRE clocked by sys_clk_pin  {rise@0.000ns fall@5.000ns period=10.000ns})
  Destination:            count_1hz_reg[27]/R
                            (rising edge-triggered cell FDRE clocked by sys_clk_pin  {rise@0.000ns fall@5.000ns period=10.000ns})
  Path Group:             sys_clk_pin
  Path Type:              Setup (Max at Slow Process Corner)
  Requirement:            10.000ns  (sys_clk_pin rise@10.000ns - sys_clk_pin rise@0.000ns)
  Data Path Delay:        4.307ns  (logic 1.471ns (34.153%)  route 2.836ns (65.847%))
  Logic Levels:           5  (CARRY4=3 LUT2=1 LUT4=1)
  Clock Path Skew:        -0.021ns (DCD - SCD + CPR)
    Destination Clock Delay (DCD):    5.050ns = ( 15.050 - 10.000 ) 
    Source Clock Delay      (SCD):    5.351ns
    Clock Pessimism Removal (CPR):    0.280ns
  Clock Uncertainty:      0.035ns  ((TSJ^2 + TIJ^2)^1/2 + DJ) / 2 + PE
    Total System Jitter     (TSJ):    0.071ns
    Total Input Jitter      (TIJ):    0.000ns
    Discrete Jitter          (DJ):    0.000ns
    Phase Error              (PE):    0.000ns

    Location             Delay type                Incr(ns)  Path(ns)    Netlist Resource(s)
  -------------------------------------------------------------------    -------------------
                         (clock sys_clk_pin rise edge)
                                                      0.000     0.000 r  
    V18                                               0.000     0.000 r  clk (IN)
                         net (fo=0)                   0.000     0.000    clk
    V18                  IBUF (Prop_ibuf_I_O)         1.483     1.483 r  clk_IBUF_inst/O
                         net (fo=1, routed)           1.972     3.455    clk_IBUF
    BUFGCTRL_X0Y0        BUFG (Prop_bufg_I_O)         0.096     3.551 r  clk_IBUF_BUFG_inst/O
                         net (fo=40, routed)          1.800     5.351    clk_IBUF_BUFG
    SLICE_X3Y132         FDRE                                         r  count_1hz_reg[10]/C
  -------------------------------------------------------------------    -------------------
    SLICE_X3Y132         FDRE (Prop_fdre_C_Q)         0.456     5.807 f  count_1hz_reg[10]/Q
                         net (fo=4, routed)           0.866     6.673    count_1hz_reg[10]
    SLICE_X2Y132         LUT4 (Prop_lut4_I0_O)        0.124     6.797 r  count_1hz[0]_i_30/O
                         net (fo=1, routed)           0.000     6.797    count_1hz[0]_i_30_n_0
    SLICE_X2Y132         CARRY4 (Prop_carry4_S[1]_CO[3])
                                                      0.533     7.330 r  count_1hz_reg[0]_i_14/CO[3]
                         net (fo=1, routed)           0.000     7.330    count_1hz_reg[0]_i_14_n_0
    SLICE_X2Y133         CARRY4 (Prop_carry4_CI_CO[3])
                                                      0.117     7.447 r  count_1hz_reg[0]_i_5/CO[3]
                         net (fo=1, routed)           0.000     7.447    count_1hz_reg[0]_i_5_n_0
    SLICE_X2Y134         CARRY4 (Prop_carry4_CI_CO[3])
                                                      0.117     7.564 r  count_1hz_reg[0]_i_3/CO[3]
                         net (fo=1, routed)           0.768     8.332    count_1hz_reg[0]_i_3_n_0
    SLICE_X4Y132         LUT2 (Prop_lut2_I0_O)        0.124     8.456 r  count_1hz[0]_i_1/O
                         net (fo=32, routed)          1.202     9.658    count_1hz[0]_i_1_n_0
    SLICE_X3Y136         FDRE                                         r  count_1hz_reg[27]/R
  -------------------------------------------------------------------    -------------------

                         (clock sys_clk_pin rise edge)
                                                     10.000    10.000 r  
    V18                                               0.000    10.000 r  clk (IN)
                         net (fo=0)                   0.000    10.000    clk
    V18                  IBUF (Prop_ibuf_I_O)         1.413    11.413 r  clk_IBUF_inst/O
                         net (fo=1, routed)           1.868    13.281    clk_IBUF
    BUFGCTRL_X0Y0        BUFG (Prop_bufg_I_O)         0.091    13.372 r  clk_IBUF_BUFG_inst/O
                         net (fo=40, routed)          1.678    15.050    clk_IBUF_BUFG
    SLICE_X3Y136         FDRE                                         r  count_1hz_reg[27]/C
                         clock pessimism              0.280    15.330    
                         clock uncertainty           -0.035    15.295    
    SLICE_X3Y136         FDRE (Setup_fdre_C_R)       -0.429    14.866    count_1hz_reg[27]
  -------------------------------------------------------------------
                         required time                         14.866    
                         arrival time                          -9.658    
  -------------------------------------------------------------------
                         slack                                  5.208    

Slack (MET) :             5.359ns  (required time - arrival time)
  Source:                 count_1hz_reg[10]/C
                            (rising edge-triggered cell FDRE clocked by sys_clk_pin  {rise@0.000ns fall@5.000ns period=10.000ns})
  Destination:            count_1hz_reg[20]/R
                            (rising edge-triggered cell FDRE clocked by sys_clk_pin  {rise@0.000ns fall@5.000ns period=10.000ns})
  Path Group:             sys_clk_pin
  Path Type:              Setup (Max at Slow Process Corner)
  Requirement:            10.000ns  (sys_clk_pin rise@10.000ns - sys_clk_pin rise@0.000ns)
  Data Path Delay:        4.155ns  (logic 1.471ns (35.400%)  route 2.684ns (64.600%))
  Logic Levels:           5  (CARRY4=3 LUT2=1 LUT4=1)
  Clock Path Skew:        -0.021ns (DCD - SCD + CPR)
    Destination Clock Delay (DCD):    5.050ns = ( 15.050 - 10.000 ) 
    Source Clock Delay      (SCD):    5.351ns
    Clock Pessimism Removal (CPR):    0.280ns
  Clock Uncertainty:      0.035ns  ((TSJ^2 + TIJ^2)^1/2 + DJ) / 2 + PE
    Total System Jitter     (TSJ):    0.071ns
    Total Input Jitter      (TIJ):    0.000ns
    Discrete Jitter          (DJ):    0.000ns
    Phase Error              (PE):    0.000ns

    Location             Delay type                Incr(ns)  Path(ns)    Netlist Resource(s)
  -------------------------------------------------------------------    -------------------
                         (clock sys_clk_pin rise edge)
                                                      0.000     0.000 r  
    V18                                               0.000     0.000 r  clk (IN)
                         net (fo=0)                   0.000     0.000    clk
    V18                  IBUF (Prop_ibuf_I_O)         1.483     1.483 r  clk_IBUF_inst/O
                         net (fo=1, routed)           1.972     3.455    clk_IBUF
    BUFGCTRL_X0Y0        BUFG (Prop_bufg_I_O)         0.096     3.551 r  clk_IBUF_BUFG_inst/O
                         net (fo=40, routed)          1.800     5.351    clk_IBUF_BUFG
    SLICE_X3Y132         FDRE                                         r  count_1hz_reg[10]/C
  -------------------------------------------------------------------    -------------------
    SLICE_X3Y132         FDRE (Prop_fdre_C_Q)         0.456     5.807 f  count_1hz_reg[10]/Q
                         net (fo=4, routed)           0.866     6.673    count_1hz_reg[10]
    SLICE_X2Y132         LUT4 (Prop_lut4_I0_O)        0.124     6.797 r  count_1hz[0]_i_30/O
                         net (fo=1, routed)           0.000     6.797    count_1hz[0]_i_30_n_0
    SLICE_X2Y132         CARRY4 (Prop_carry4_S[1]_CO[3])
                                                      0.533     7.330 r  count_1hz_reg[0]_i_14/CO[3]
                         net (fo=1, routed)           0.000     7.330    count_1hz_reg[0]_i_14_n_0
    SLICE_X2Y133         CARRY4 (Prop_carry4_CI_CO[3])
                                                      0.117     7.447 r  count_1hz_reg[0]_i_5/CO[3]
                         net (fo=1, routed)           0.000     7.447    count_1hz_reg[0]_i_5_n_0
    SLICE_X2Y134         CARRY4 (Prop_carry4_CI_CO[3])
                                                      0.117     7.564 r  count_1hz_reg[0]_i_3/CO[3]
                         net (fo=1, routed)           0.768     8.332    count_1hz_reg[0]_i_3_n_0
    SLICE_X4Y132         LUT2 (Prop_lut2_I0_O)        0.124     8.456 r  count_1hz[0]_i_1/O
                         net (fo=32, routed)          1.050     9.506    count_1hz[0]_i_1_n_0
    SLICE_X3Y135         FDRE                                         r  count_1hz_reg[20]/R
  -------------------------------------------------------------------    -------------------

                         (clock sys_clk_pin rise edge)
                                                     10.000    10.000 r  
    V18                                               0.000    10.000 r  clk (IN)
                         net (fo=0)                   0.000    10.000    clk
    V18                  IBUF (Prop_ibuf_I_O)         1.413    11.413 r  clk_IBUF_inst/O
                         net (fo=1, routed)           1.868    13.281    clk_IBUF
    BUFGCTRL_X0Y0        BUFG (Prop_bufg_I_O)         0.091    13.372 r  clk_IBUF_BUFG_inst/O
                         net (fo=40, routed)          1.678    15.050    clk_IBUF_BUFG
    SLICE_X3Y135         FDRE                                         r  count_1hz_reg[20]/C
                         clock pessimism              0.280    15.330    
                         clock uncertainty           -0.035    15.295    
    SLICE_X3Y135         FDRE (Setup_fdre_C_R)       -0.429    14.866    count_1hz_reg[20]
  -------------------------------------------------------------------
                         required time                         14.866    
                         arrival time                          -9.506    
  -------------------------------------------------------------------
                         slack                                  5.359    

Slack (MET) :             5.359ns  (required time - arrival time)
  Source:                 count_1hz_reg[10]/C
                            (rising edge-triggered cell FDRE clocked by sys_clk_pin  {rise@0.000ns fall@5.000ns period=10.000ns})
  Destination:            count_1hz_reg[21]/R
                            (rising edge-triggered cell FDRE clocked by sys_clk_pin  {rise@0.000ns fall@5.000ns period=10.000ns})
  Path Group:             sys_clk_pin
  Path Type:              Setup (Max at Slow Process Corner)
  Requirement:            10.000ns  (sys_clk_pin rise@10.000ns - sys_clk_pin rise@0.000ns)
  Data Path Delay:        4.155ns  (logic 1.471ns (35.400%)  route 2.684ns (64.600%))
  Logic Levels:           5  (CARRY4=3 LUT2=1 LUT4=1)
  Clock Path Skew:        -0.021ns (DCD - SCD + CPR)
    Destination Clock Delay (DCD):    5.050ns = ( 15.050 - 10.000 ) 
    Source Clock Delay      (SCD):    5.351ns
    Clock Pessimism Removal (CPR):    0.280ns
  Clock Uncertainty:      0.035ns  ((TSJ^2 + TIJ^2)^1/2 + DJ) / 2 + PE
    Total System Jitter     (TSJ):    0.071ns
    Total Input Jitter      (TIJ):    0.000ns
    Discrete Jitter          (DJ):    0.000ns
    Phase Error              (PE):    0.000ns

    Location             Delay type                Incr(ns)  Path(ns)    Netlist Resource(s)
  -------------------------------------------------------------------    -------------------
                         (clock sys_clk_pin rise edge)
                                                      0.000     0.000 r  
    V18                                               0.000     0.000 r  clk (IN)
                         net (fo=0)                   0.000     0.000    clk
    V18                  IBUF (Prop_ibuf_I_O)         1.483     1.483 r  clk_IBUF_inst/O
                         net (fo=1, routed)           1.972     3.455    clk_IBUF
    BUFGCTRL_X0Y0        BUFG (Prop_bufg_I_O)         0.096     3.551 r  clk_IBUF_BUFG_inst/O
                         net (fo=40, routed)          1.800     5.351    clk_IBUF_BUFG
    SLICE_X3Y132         FDRE                                         r  count_1hz_reg[10]/C
  -------------------------------------------------------------------    -------------------
    SLICE_X3Y132         FDRE (Prop_fdre_C_Q)         0.456     5.807 f  count_1hz_reg[10]/Q
                         net (fo=4, routed)           0.866     6.673    count_1hz_reg[10]
    SLICE_X2Y132         LUT4 (Prop_lut4_I0_O)        0.124     6.797 r  count_1hz[0]_i_30/O
                         net (fo=1, routed)           0.000     6.797    count_1hz[0]_i_30_n_0
    SLICE_X2Y132         CARRY4 (Prop_carry4_S[1]_CO[3])
                                                      0.533     7.330 r  count_1hz_reg[0]_i_14/CO[3]
                         net (fo=1, routed)           0.000     7.330    count_1hz_reg[0]_i_14_n_0
    SLICE_X2Y133         CARRY4 (Prop_carry4_CI_CO[3])
                                                      0.117     7.447 r  count_1hz_reg[0]_i_5/CO[3]
                         net (fo=1, routed)           0.000     7.447    count_1hz_reg[0]_i_5_n_0
    SLICE_X2Y134         CARRY4 (Prop_carry4_CI_CO[3])
                                                      0.117     7.564 r  count_1hz_reg[0]_i_3/CO[3]
                         net (fo=1, routed)           0.768     8.332    count_1hz_reg[0]_i_3_n_0
    SLICE_X4Y132         LUT2 (Prop_lut2_I0_O)        0.124     8.456 r  count_1hz[0]_i_1/O
                         net (fo=32, routed)          1.050     9.506    count_1hz[0]_i_1_n_0
    SLICE_X3Y135         FDRE                                         r  count_1hz_reg[21]/R
  -------------------------------------------------------------------    -------------------

                         (clock sys_clk_pin rise edge)
                                                     10.000    10.000 r  
    V18                                               0.000    10.000 r  clk (IN)
                         net (fo=0)                   0.000    10.000    clk
    V18                  IBUF (Prop_ibuf_I_O)         1.413    11.413 r  clk_IBUF_inst/O
                         net (fo=1, routed)           1.868    13.281    clk_IBUF
    BUFGCTRL_X0Y0        BUFG (Prop_bufg_I_O)         0.091    13.372 r  clk_IBUF_BUFG_inst/O
                         net (fo=40, routed)          1.678    15.050    clk_IBUF_BUFG
    SLICE_X3Y135         FDRE                                         r  count_1hz_reg[21]/C
                         clock pessimism              0.280    15.330    
                         clock uncertainty           -0.035    15.295    
    SLICE_X3Y135         FDRE (Setup_fdre_C_R)       -0.429    14.866    count_1hz_reg[21]
  -------------------------------------------------------------------
                         required time                         14.866    
                         arrival time                          -9.506    
  -------------------------------------------------------------------
                         slack                                  5.359    





Min Delay Paths
--------------------------------------------------------------------------------------
Slack (MET) :             0.227ns  (arrival time - required time)
  Source:                 led_reg[7]/C
                            (rising edge-triggered cell FDRE clocked by sys_clk_pin  {rise@0.000ns fall@5.000ns period=10.000ns})
  Destination:            led_reg[6]/D
                            (rising edge-triggered cell FDRE clocked by sys_clk_pin  {rise@0.000ns fall@5.000ns period=10.000ns})
  Path Group:             sys_clk_pin
  Path Type:              Hold (Min at Fast Process Corner)
  Requirement:            0.000ns  (sys_clk_pin rise@0.000ns - sys_clk_pin rise@0.000ns)
  Data Path Delay:        0.319ns  (logic 0.227ns (71.060%)  route 0.092ns (28.940%))
  Logic Levels:           1  (LUT3=1)
  Clock Path Skew:        0.000ns (DCD - SCD - CPR)
    Destination Clock Delay (DCD):    2.098ns
    Source Clock Delay      (SCD):    1.579ns
    Clock Pessimism Removal (CPR):    0.518ns

    Location             Delay type                Incr(ns)  Path(ns)    Netlist Resource(s)
  -------------------------------------------------------------------    -------------------
                         (clock sys_clk_pin rise edge)
                                                      0.000     0.000 r  
    V18                                               0.000     0.000 r  clk (IN)
                         net (fo=0)                   0.000     0.000    clk
    V18                  IBUF (Prop_ibuf_I_O)         0.251     0.251 r  clk_IBUF_inst/O
                         net (fo=1, routed)           0.634     0.885    clk_IBUF
    BUFGCTRL_X0Y0        BUFG (Prop_bufg_I_O)         0.026     0.911 r  clk_IBUF_BUFG_inst/O
                         net (fo=40, routed)          0.668     1.579    clk_IBUF_BUFG
    SLICE_X0Y131         FDRE                                         r  led_reg[7]/C
  -------------------------------------------------------------------    -------------------
    SLICE_X0Y131         FDRE (Prop_fdre_C_Q)         0.128     1.707 r  led_reg[7]/Q
                         net (fo=3, routed)           0.092     1.800    led_OBUF[7]
    SLICE_X0Y131         LUT3 (Prop_lut3_I0_O)        0.099     1.899 r  led[6]_i_1/O
                         net (fo=1, routed)           0.000     1.899    p_0_in[6]
    SLICE_X0Y131         FDRE                                         r  led_reg[6]/D
  -------------------------------------------------------------------    -------------------

                         (clock sys_clk_pin rise edge)
                                                      0.000     0.000 r  
    V18                                               0.000     0.000 r  clk (IN)
                         net (fo=0)                   0.000     0.000    clk
    V18                  IBUF (Prop_ibuf_I_O)         0.439     0.439 r  clk_IBUF_inst/O
                         net (fo=1, routed)           0.689     1.127    clk_IBUF
    BUFGCTRL_X0Y0        BUFG (Prop_bufg_I_O)         0.029     1.156 r  clk_IBUF_BUFG_inst/O
                         net (fo=40, routed)          0.941     2.098    clk_IBUF_BUFG
    SLICE_X0Y131         FDRE                                         r  led_reg[6]/C
                         clock pessimism             -0.518     1.579    
    SLICE_X0Y131         FDRE (Hold_fdre_C_D)         0.092     1.671    led_reg[6]
  -------------------------------------------------------------------
                         required time                         -1.671    
                         arrival time                           1.899    
  -------------------------------------------------------------------
                         slack                                  0.227    

Slack (MET) :             0.249ns  (arrival time - required time)
  Source:                 led_reg[5]/C
                            (rising edge-triggered cell FDRE clocked by sys_clk_pin  {rise@0.000ns fall@5.000ns period=10.000ns})
  Destination:            led_reg[4]/D
                            (rising edge-triggered cell FDRE clocked by sys_clk_pin  {rise@0.000ns fall@5.000ns period=10.000ns})
  Path Group:             sys_clk_pin
  Path Type:              Hold (Min at Fast Process Corner)
  Requirement:            0.000ns  (sys_clk_pin rise@0.000ns - sys_clk_pin rise@0.000ns)
  Data Path Delay:        0.371ns  (logic 0.190ns (51.239%)  route 0.181ns (48.761%))
  Logic Levels:           1  (LUT3=1)
  Clock Path Skew:        0.015ns (DCD - SCD - CPR)
    Destination Clock Delay (DCD):    2.099ns
    Source Clock Delay      (SCD):    1.579ns
    Clock Pessimism Removal (CPR):    0.504ns

    Location             Delay type                Incr(ns)  Path(ns)    Netlist Resource(s)
  -------------------------------------------------------------------    -------------------
                         (clock sys_clk_pin rise edge)
                                                      0.000     0.000 r  
    V18                                               0.000     0.000 r  clk (IN)
                         net (fo=0)                   0.000     0.000    clk
    V18                  IBUF (Prop_ibuf_I_O)         0.251     0.251 r  clk_IBUF_inst/O
                         net (fo=1, routed)           0.634     0.885    clk_IBUF
    BUFGCTRL_X0Y0        BUFG (Prop_bufg_I_O)         0.026     0.911 r  clk_IBUF_BUFG_inst/O
                         net (fo=40, routed)          0.668     1.579    clk_IBUF_BUFG
    SLICE_X0Y131         FDRE                                         r  led_reg[5]/C
  -------------------------------------------------------------------    -------------------
    SLICE_X0Y131         FDRE (Prop_fdre_C_Q)         0.141     1.720 r  led_reg[5]/Q
                         net (fo=3, routed)           0.181     1.901    led_OBUF[5]
    SLICE_X0Y132         LUT3 (Prop_lut3_I0_O)        0.049     1.950 r  led[4]_i_1/O
                         net (fo=1, routed)           0.000     1.950    p_0_in[4]
    SLICE_X0Y132         FDRE                                         r  led_reg[4]/D
  -------------------------------------------------------------------    -------------------

                         (clock sys_clk_pin rise edge)
                                                      0.000     0.000 r  
    V18                                               0.000     0.000 r  clk (IN)
                         net (fo=0)                   0.000     0.000    clk
    V18                  IBUF (Prop_ibuf_I_O)         0.439     0.439 r  clk_IBUF_inst/O
                         net (fo=1, routed)           0.689     1.127    clk_IBUF
    BUFGCTRL_X0Y0        BUFG (Prop_bufg_I_O)         0.029     1.156 r  clk_IBUF_BUFG_inst/O
                         net (fo=40, routed)          0.942     2.099    clk_IBUF_BUFG
    SLICE_X0Y132         FDRE                                         r  led_reg[4]/C
                         clock pessimism             -0.504     1.594    
    SLICE_X0Y132         FDRE (Hold_fdre_C_D)         0.107     1.701    led_reg[4]
  -------------------------------------------------------------------
                         required time                         -1.701    
                         arrival time                           1.950    
  -------------------------------------------------------------------
                         slack                                  0.249    

Slack (MET) :             0.262ns  (arrival time - required time)
  Source:                 count_1hz_reg[31]/C
                            (rising edge-triggered cell FDRE clocked by sys_clk_pin  {rise@0.000ns fall@5.000ns period=10.000ns})
  Destination:            count_1hz_reg[31]/D
                            (rising edge-triggered cell FDRE clocked by sys_clk_pin  {rise@0.000ns fall@5.000ns period=10.000ns})
  Path Group:             sys_clk_pin
  Path Type:              Hold (Min at Fast Process Corner)
  Requirement:            0.000ns  (sys_clk_pin rise@0.000ns - sys_clk_pin rise@0.000ns)
  Data Path Delay:        0.367ns  (logic 0.249ns (67.838%)  route 0.118ns (32.162%))
  Logic Levels:           1  (CARRY4=1)
  Clock Path Skew:        0.000ns (DCD - SCD - CPR)
    Destination Clock Delay (DCD):    2.103ns
    Source Clock Delay      (SCD):    1.583ns
    Clock Pessimism Removal (CPR):    0.519ns

    Location             Delay type                Incr(ns)  Path(ns)    Netlist Resource(s)
  -------------------------------------------------------------------    -------------------
                         (clock sys_clk_pin rise edge)
                                                      0.000     0.000 r  
    V18                                               0.000     0.000 r  clk (IN)
                         net (fo=0)                   0.000     0.000    clk
    V18                  IBUF (Prop_ibuf_I_O)         0.251     0.251 r  clk_IBUF_inst/O
                         net (fo=1, routed)           0.634     0.885    clk_IBUF
    BUFGCTRL_X0Y0        BUFG (Prop_bufg_I_O)         0.026     0.911 r  clk_IBUF_BUFG_inst/O
                         net (fo=40, routed)          0.672     1.583    clk_IBUF_BUFG
    SLICE_X3Y137         FDRE                                         r  count_1hz_reg[31]/C
  -------------------------------------------------------------------    -------------------
    SLICE_X3Y137         FDRE (Prop_fdre_C_Q)         0.141     1.724 r  count_1hz_reg[31]/Q
                         net (fo=4, routed)           0.118     1.842    count_1hz_reg[31]
    SLICE_X3Y137         CARRY4 (Prop_carry4_S[3]_O[3])
                                                      0.108     1.950 r  count_1hz_reg[28]_i_1/O[3]
                         net (fo=1, routed)           0.000     1.950    count_1hz_reg[28]_i_1_n_4
    SLICE_X3Y137         FDRE                                         r  count_1hz_reg[31]/D
  -------------------------------------------------------------------    -------------------

                         (clock sys_clk_pin rise edge)
                                                      0.000     0.000 r  
    V18                                               0.000     0.000 r  clk (IN)
                         net (fo=0)                   0.000     0.000    clk
    V18                  IBUF (Prop_ibuf_I_O)         0.439     0.439 r  clk_IBUF_inst/O
                         net (fo=1, routed)           0.689     1.127    clk_IBUF
    BUFGCTRL_X0Y0        BUFG (Prop_bufg_I_O)         0.029     1.156 r  clk_IBUF_BUFG_inst/O
                         net (fo=40, routed)          0.946     2.103    clk_IBUF_BUFG
    SLICE_X3Y137         FDRE                                         r  count_1hz_reg[31]/C
                         clock pessimism             -0.519     1.583    
    SLICE_X3Y137         FDRE (Hold_fdre_C_D)         0.105     1.688    count_1hz_reg[31]
  -------------------------------------------------------------------
                         required time                         -1.688    
                         arrival time                           1.950    
  -------------------------------------------------------------------
                         slack                                  0.262    

Slack (MET) :             0.264ns  (arrival time - required time)
  Source:                 count_1hz_reg[3]/C
                            (rising edge-triggered cell FDRE clocked by sys_clk_pin  {rise@0.000ns fall@5.000ns period=10.000ns})
  Destination:            count_1hz_reg[3]/D
                            (rising edge-triggered cell FDRE clocked by sys_clk_pin  {rise@0.000ns fall@5.000ns period=10.000ns})
  Path Group:             sys_clk_pin
  Path Type:              Hold (Min at Fast Process Corner)
  Requirement:            0.000ns  (sys_clk_pin rise@0.000ns - sys_clk_pin rise@0.000ns)
  Data Path Delay:        0.369ns  (logic 0.249ns (67.424%)  route 0.120ns (32.576%))
  Logic Levels:           1  (CARRY4=1)
  Clock Path Skew:        0.000ns (DCD - SCD - CPR)
    Destination Clock Delay (DCD):    2.097ns
    Source Clock Delay      (SCD):    1.578ns
    Clock Pessimism Removal (CPR):    0.518ns

    Location             Delay type                Incr(ns)  Path(ns)    Netlist Resource(s)
  -------------------------------------------------------------------    -------------------
                         (clock sys_clk_pin rise edge)
                                                      0.000     0.000 r  
    V18                                               0.000     0.000 r  clk (IN)
                         net (fo=0)                   0.000     0.000    clk
    V18                  IBUF (Prop_ibuf_I_O)         0.251     0.251 r  clk_IBUF_inst/O
                         net (fo=1, routed)           0.634     0.885    clk_IBUF
    BUFGCTRL_X0Y0        BUFG (Prop_bufg_I_O)         0.026     0.911 r  clk_IBUF_BUFG_inst/O
                         net (fo=40, routed)          0.667     1.578    clk_IBUF_BUFG
    SLICE_X3Y130         FDRE                                         r  count_1hz_reg[3]/C
  -------------------------------------------------------------------    -------------------
    SLICE_X3Y130         FDRE (Prop_fdre_C_Q)         0.141     1.719 r  count_1hz_reg[3]/Q
                         net (fo=4, routed)           0.120     1.839    count_1hz_reg[3]
    SLICE_X3Y130         CARRY4 (Prop_carry4_S[3]_O[3])
                                                      0.108     1.947 r  count_1hz_reg[0]_i_2/O[3]
                         net (fo=1, routed)           0.000     1.947    count_1hz_reg[0]_i_2_n_4
    SLICE_X3Y130         FDRE                                         r  count_1hz_reg[3]/D
  -------------------------------------------------------------------    -------------------

                         (clock sys_clk_pin rise edge)
                                                      0.000     0.000 r  
    V18                                               0.000     0.000 r  clk (IN)
                         net (fo=0)                   0.000     0.000    clk
    V18                  IBUF (Prop_ibuf_I_O)         0.439     0.439 r  clk_IBUF_inst/O
                         net (fo=1, routed)           0.689     1.127    clk_IBUF
    BUFGCTRL_X0Y0        BUFG (Prop_bufg_I_O)         0.029     1.156 r  clk_IBUF_BUFG_inst/O
                         net (fo=40, routed)          0.940     2.097    clk_IBUF_BUFG
    SLICE_X3Y130         FDRE                                         r  count_1hz_reg[3]/C
                         clock pessimism             -0.518     1.578    
    SLICE_X3Y130         FDRE (Hold_fdre_C_D)         0.105     1.683    count_1hz_reg[3]
  -------------------------------------------------------------------
                         required time                         -1.683    
                         arrival time                           1.947    
  -------------------------------------------------------------------
                         slack                                  0.264    

Slack (MET) :             0.264ns  (arrival time - required time)
  Source:                 count_1hz_reg[23]/C
                            (rising edge-triggered cell FDRE clocked by sys_clk_pin  {rise@0.000ns fall@5.000ns period=10.000ns})
  Destination:            count_1hz_reg[23]/D
                            (rising edge-triggered cell FDRE clocked by sys_clk_pin  {rise@0.000ns fall@5.000ns period=10.000ns})
  Path Group:             sys_clk_pin
  Path Type:              Hold (Min at Fast Process Corner)
  Requirement:            0.000ns  (sys_clk_pin rise@0.000ns - sys_clk_pin rise@0.000ns)
  Data Path Delay:        0.369ns  (logic 0.249ns (67.412%)  route 0.120ns (32.588%))
  Logic Levels:           1  (CARRY4=1)
  Clock Path Skew:        0.000ns (DCD - SCD - CPR)
    Destination Clock Delay (DCD):    2.102ns
    Source Clock Delay      (SCD):    1.582ns
    Clock Pessimism Removal (CPR):    0.519ns

    Location             Delay type                Incr(ns)  Path(ns)    Netlist Resource(s)
  -------------------------------------------------------------------    -------------------
                         (clock sys_clk_pin rise edge)
                                                      0.000     0.000 r  
    V18                                               0.000     0.000 r  clk (IN)
                         net (fo=0)                   0.000     0.000    clk
    V18                  IBUF (Prop_ibuf_I_O)         0.251     0.251 r  clk_IBUF_inst/O
                         net (fo=1, routed)           0.634     0.885    clk_IBUF
    BUFGCTRL_X0Y0        BUFG (Prop_bufg_I_O)         0.026     0.911 r  clk_IBUF_BUFG_inst/O
                         net (fo=40, routed)          0.671     1.582    clk_IBUF_BUFG
    SLICE_X3Y135         FDRE                                         r  count_1hz_reg[23]/C
  -------------------------------------------------------------------    -------------------
    SLICE_X3Y135         FDRE (Prop_fdre_C_Q)         0.141     1.723 r  count_1hz_reg[23]/Q
                         net (fo=4, routed)           0.120     1.843    count_1hz_reg[23]
    SLICE_X3Y135         CARRY4 (Prop_carry4_S[3]_O[3])
                                                      0.108     1.951 r  count_1hz_reg[20]_i_1/O[3]
                         net (fo=1, routed)           0.000     1.951    count_1hz_reg[20]_i_1_n_4
    SLICE_X3Y135         FDRE                                         r  count_1hz_reg[23]/D
  -------------------------------------------------------------------    -------------------

                         (clock sys_clk_pin rise edge)
                                                      0.000     0.000 r  
    V18                                               0.000     0.000 r  clk (IN)
                         net (fo=0)                   0.000     0.000    clk
    V18                  IBUF (Prop_ibuf_I_O)         0.439     0.439 r  clk_IBUF_inst/O
                         net (fo=1, routed)           0.689     1.127    clk_IBUF
    BUFGCTRL_X0Y0        BUFG (Prop_bufg_I_O)         0.029     1.156 r  clk_IBUF_BUFG_inst/O
                         net (fo=40, routed)          0.945     2.102    clk_IBUF_BUFG
    SLICE_X3Y135         FDRE                                         r  count_1hz_reg[23]/C
                         clock pessimism             -0.519     1.582    
    SLICE_X3Y135         FDRE (Hold_fdre_C_D)         0.105     1.687    count_1hz_reg[23]
  -------------------------------------------------------------------
                         required time                         -1.687    
                         arrival time                           1.951    
  -------------------------------------------------------------------
                         slack                                  0.264    

Slack (MET) :             0.268ns  (arrival time - required time)
  Source:                 count_1hz_reg[20]/C
                            (rising edge-triggered cell FDRE clocked by sys_clk_pin  {rise@0.000ns fall@5.000ns period=10.000ns})
  Destination:            count_1hz_reg[20]/D
                            (rising edge-triggered cell FDRE clocked by sys_clk_pin  {rise@0.000ns fall@5.000ns period=10.000ns})
  Path Group:             sys_clk_pin
  Path Type:              Hold (Min at Fast Process Corner)
  Requirement:            0.000ns  (sys_clk_pin rise@0.000ns - sys_clk_pin rise@0.000ns)
  Data Path Delay:        0.373ns  (logic 0.256ns (68.565%)  route 0.117ns (31.435%))
  Logic Levels:           1  (CARRY4=1)
  Clock Path Skew:        0.000ns (DCD - SCD - CPR)
    Destination Clock Delay (DCD):    2.102ns
    Source Clock Delay      (SCD):    1.582ns
    Clock Pessimism Removal (CPR):    0.519ns

    Location             Delay type                Incr(ns)  Path(ns)    Netlist Resource(s)
  -------------------------------------------------------------------    -------------------
                         (clock sys_clk_pin rise edge)
                                                      0.000     0.000 r  
    V18                                               0.000     0.000 r  clk (IN)
                         net (fo=0)                   0.000     0.000    clk
    V18                  IBUF (Prop_ibuf_I_O)         0.251     0.251 r  clk_IBUF_inst/O
                         net (fo=1, routed)           0.634     0.885    clk_IBUF
    BUFGCTRL_X0Y0        BUFG (Prop_bufg_I_O)         0.026     0.911 r  clk_IBUF_BUFG_inst/O
                         net (fo=40, routed)          0.671     1.582    clk_IBUF_BUFG
    SLICE_X3Y135         FDRE                                         r  count_1hz_reg[20]/C
  -------------------------------------------------------------------    -------------------
    SLICE_X3Y135         FDRE (Prop_fdre_C_Q)         0.141     1.723 r  count_1hz_reg[20]/Q
                         net (fo=4, routed)           0.117     1.840    count_1hz_reg[20]
    SLICE_X3Y135         CARRY4 (Prop_carry4_S[0]_O[0])
                                                      0.115     1.955 r  count_1hz_reg[20]_i_1/O[0]
                         net (fo=1, routed)           0.000     1.955    count_1hz_reg[20]_i_1_n_7
    SLICE_X3Y135         FDRE                                         r  count_1hz_reg[20]/D
  -------------------------------------------------------------------    -------------------

                         (clock sys_clk_pin rise edge)
                                                      0.000     0.000 r  
    V18                                               0.000     0.000 r  clk (IN)
                         net (fo=0)                   0.000     0.000    clk
    V18                  IBUF (Prop_ibuf_I_O)         0.439     0.439 r  clk_IBUF_inst/O
                         net (fo=1, routed)           0.689     1.127    clk_IBUF
    BUFGCTRL_X0Y0        BUFG (Prop_bufg_I_O)         0.029     1.156 r  clk_IBUF_BUFG_inst/O
                         net (fo=40, routed)          0.945     2.102    clk_IBUF_BUFG
    SLICE_X3Y135         FDRE                                         r  count_1hz_reg[20]/C
                         clock pessimism             -0.519     1.582    
    SLICE_X3Y135         FDRE (Hold_fdre_C_D)         0.105     1.687    count_1hz_reg[20]
  -------------------------------------------------------------------
                         required time                         -1.687    
                         arrival time                           1.955    
  -------------------------------------------------------------------
                         slack                                  0.268    

Slack (MET) :             0.268ns  (arrival time - required time)
  Source:                 count_1hz_reg[28]/C
                            (rising edge-triggered cell FDRE clocked by sys_clk_pin  {rise@0.000ns fall@5.000ns period=10.000ns})
  Destination:            count_1hz_reg[28]/D
                            (rising edge-triggered cell FDRE clocked by sys_clk_pin  {rise@0.000ns fall@5.000ns period=10.000ns})
  Path Group:             sys_clk_pin
  Path Type:              Hold (Min at Fast Process Corner)
  Requirement:            0.000ns  (sys_clk_pin rise@0.000ns - sys_clk_pin rise@0.000ns)
  Data Path Delay:        0.373ns  (logic 0.256ns (68.565%)  route 0.117ns (31.435%))
  Logic Levels:           1  (CARRY4=1)
  Clock Path Skew:        0.000ns (DCD - SCD - CPR)
    Destination Clock Delay (DCD):    2.103ns
    Source Clock Delay      (SCD):    1.583ns
    Clock Pessimism Removal (CPR):    0.519ns

    Location             Delay type                Incr(ns)  Path(ns)    Netlist Resource(s)
  -------------------------------------------------------------------    -------------------
                         (clock sys_clk_pin rise edge)
                                                      0.000     0.000 r  
    V18                                               0.000     0.000 r  clk (IN)
                         net (fo=0)                   0.000     0.000    clk
    V18                  IBUF (Prop_ibuf_I_O)         0.251     0.251 r  clk_IBUF_inst/O
                         net (fo=1, routed)           0.634     0.885    clk_IBUF
    BUFGCTRL_X0Y0        BUFG (Prop_bufg_I_O)         0.026     0.911 r  clk_IBUF_BUFG_inst/O
                         net (fo=40, routed)          0.672     1.583    clk_IBUF_BUFG
    SLICE_X3Y137         FDRE                                         r  count_1hz_reg[28]/C
  -------------------------------------------------------------------    -------------------
    SLICE_X3Y137         FDRE (Prop_fdre_C_Q)         0.141     1.724 r  count_1hz_reg[28]/Q
                         net (fo=4, routed)           0.117     1.841    count_1hz_reg[28]
    SLICE_X3Y137         CARRY4 (Prop_carry4_S[0]_O[0])
                                                      0.115     1.956 r  count_1hz_reg[28]_i_1/O[0]
                         net (fo=1, routed)           0.000     1.956    count_1hz_reg[28]_i_1_n_7
    SLICE_X3Y137         FDRE                                         r  count_1hz_reg[28]/D
  -------------------------------------------------------------------    -------------------

                         (clock sys_clk_pin rise edge)
                                                      0.000     0.000 r  
    V18                                               0.000     0.000 r  clk (IN)
                         net (fo=0)                   0.000     0.000    clk
    V18                  IBUF (Prop_ibuf_I_O)         0.439     0.439 r  clk_IBUF_inst/O
                         net (fo=1, routed)           0.689     1.127    clk_IBUF
    BUFGCTRL_X0Y0        BUFG (Prop_bufg_I_O)         0.029     1.156 r  clk_IBUF_BUFG_inst/O
                         net (fo=40, routed)          0.946     2.103    clk_IBUF_BUFG
    SLICE_X3Y137         FDRE                                         r  count_1hz_reg[28]/C
                         clock pessimism             -0.519     1.583    
    SLICE_X3Y137         FDRE (Hold_fdre_C_D)         0.105     1.688    count_1hz_reg[28]
  -------------------------------------------------------------------
                         required time                         -1.688    
                         arrival time                           1.956    
  -------------------------------------------------------------------
                         slack                                  0.268    

Slack (MET) :             0.269ns  (arrival time - required time)
  Source:                 count_1hz_reg[14]/C
                            (rising edge-triggered cell FDRE clocked by sys_clk_pin  {rise@0.000ns fall@5.000ns period=10.000ns})
  Destination:            count_1hz_reg[14]/D
                            (rising edge-triggered cell FDRE clocked by sys_clk_pin  {rise@0.000ns fall@5.000ns period=10.000ns})
  Path Group:             sys_clk_pin
  Path Type:              Hold (Min at Fast Process Corner)
  Requirement:            0.000ns  (sys_clk_pin rise@0.000ns - sys_clk_pin rise@0.000ns)
  Data Path Delay:        0.374ns  (logic 0.252ns (67.467%)  route 0.122ns (32.533%))
  Logic Levels:           1  (CARRY4=1)
  Clock Path Skew:        0.000ns (DCD - SCD - CPR)
    Destination Clock Delay (DCD):    2.100ns
    Source Clock Delay      (SCD):    1.581ns
    Clock Pessimism Removal (CPR):    0.518ns

    Location             Delay type                Incr(ns)  Path(ns)    Netlist Resource(s)
  -------------------------------------------------------------------    -------------------
                         (clock sys_clk_pin rise edge)
                                                      0.000     0.000 r  
    V18                                               0.000     0.000 r  clk (IN)
                         net (fo=0)                   0.000     0.000    clk
    V18                  IBUF (Prop_ibuf_I_O)         0.251     0.251 r  clk_IBUF_inst/O
                         net (fo=1, routed)           0.634     0.885    clk_IBUF
    BUFGCTRL_X0Y0        BUFG (Prop_bufg_I_O)         0.026     0.911 r  clk_IBUF_BUFG_inst/O
                         net (fo=40, routed)          0.670     1.581    clk_IBUF_BUFG
    SLICE_X3Y133         FDRE                                         r  count_1hz_reg[14]/C
  -------------------------------------------------------------------    -------------------
    SLICE_X3Y133         FDRE (Prop_fdre_C_Q)         0.141     1.722 r  count_1hz_reg[14]/Q
                         net (fo=3, routed)           0.122     1.844    count_1hz_reg[14]
    SLICE_X3Y133         CARRY4 (Prop_carry4_S[2]_O[2])
                                                      0.111     1.955 r  count_1hz_reg[12]_i_1/O[2]
                         net (fo=1, routed)           0.000     1.955    count_1hz_reg[12]_i_1_n_5
    SLICE_X3Y133         FDRE                                         r  count_1hz_reg[14]/D
  -------------------------------------------------------------------    -------------------

                         (clock sys_clk_pin rise edge)
                                                      0.000     0.000 r  
    V18                                               0.000     0.000 r  clk (IN)
                         net (fo=0)                   0.000     0.000    clk
    V18                  IBUF (Prop_ibuf_I_O)         0.439     0.439 r  clk_IBUF_inst/O
                         net (fo=1, routed)           0.689     1.127    clk_IBUF
    BUFGCTRL_X0Y0        BUFG (Prop_bufg_I_O)         0.029     1.156 r  clk_IBUF_BUFG_inst/O
                         net (fo=40, routed)          0.943     2.100    clk_IBUF_BUFG
    SLICE_X3Y133         FDRE                                         r  count_1hz_reg[14]/C
                         clock pessimism             -0.518     1.581    
    SLICE_X3Y133         FDRE (Hold_fdre_C_D)         0.105     1.686    count_1hz_reg[14]
  -------------------------------------------------------------------
                         required time                         -1.686    
                         arrival time                           1.955    
  -------------------------------------------------------------------
                         slack                                  0.269    

Slack (MET) :             0.269ns  (arrival time - required time)
  Source:                 count_1hz_reg[26]/C
                            (rising edge-triggered cell FDRE clocked by sys_clk_pin  {rise@0.000ns fall@5.000ns period=10.000ns})
  Destination:            count_1hz_reg[26]/D
                            (rising edge-triggered cell FDRE clocked by sys_clk_pin  {rise@0.000ns fall@5.000ns period=10.000ns})
  Path Group:             sys_clk_pin
  Path Type:              Hold (Min at Fast Process Corner)
  Requirement:            0.000ns  (sys_clk_pin rise@0.000ns - sys_clk_pin rise@0.000ns)
  Data Path Delay:        0.374ns  (logic 0.252ns (67.467%)  route 0.122ns (32.533%))
  Logic Levels:           1  (CARRY4=1)
  Clock Path Skew:        0.000ns (DCD - SCD - CPR)
    Destination Clock Delay (DCD):    2.102ns
    Source Clock Delay      (SCD):    1.582ns
    Clock Pessimism Removal (CPR):    0.519ns

    Location             Delay type                Incr(ns)  Path(ns)    Netlist Resource(s)
  -------------------------------------------------------------------    -------------------
                         (clock sys_clk_pin rise edge)
                                                      0.000     0.000 r  
    V18                                               0.000     0.000 r  clk (IN)
                         net (fo=0)                   0.000     0.000    clk
    V18                  IBUF (Prop_ibuf_I_O)         0.251     0.251 r  clk_IBUF_inst/O
                         net (fo=1, routed)           0.634     0.885    clk_IBUF
    BUFGCTRL_X0Y0        BUFG (Prop_bufg_I_O)         0.026     0.911 r  clk_IBUF_BUFG_inst/O
                         net (fo=40, routed)          0.671     1.582    clk_IBUF_BUFG
    SLICE_X3Y136         FDRE                                         r  count_1hz_reg[26]/C
  -------------------------------------------------------------------    -------------------
    SLICE_X3Y136         FDRE (Prop_fdre_C_Q)         0.141     1.723 r  count_1hz_reg[26]/Q
                         net (fo=4, routed)           0.122     1.845    count_1hz_reg[26]
    SLICE_X3Y136         CARRY4 (Prop_carry4_S[2]_O[2])
                                                      0.111     1.956 r  count_1hz_reg[24]_i_1/O[2]
                         net (fo=1, routed)           0.000     1.956    count_1hz_reg[24]_i_1_n_5
    SLICE_X3Y136         FDRE                                         r  count_1hz_reg[26]/D
  -------------------------------------------------------------------    -------------------

                         (clock sys_clk_pin rise edge)
                                                      0.000     0.000 r  
    V18                                               0.000     0.000 r  clk (IN)
                         net (fo=0)                   0.000     0.000    clk
    V18                  IBUF (Prop_ibuf_I_O)         0.439     0.439 r  clk_IBUF_inst/O
                         net (fo=1, routed)           0.689     1.127    clk_IBUF
    BUFGCTRL_X0Y0        BUFG (Prop_bufg_I_O)         0.029     1.156 r  clk_IBUF_BUFG_inst/O
                         net (fo=40, routed)          0.945     2.102    clk_IBUF_BUFG
    SLICE_X3Y136         FDRE                                         r  count_1hz_reg[26]/C
                         clock pessimism             -0.519     1.582    
    SLICE_X3Y136         FDRE (Hold_fdre_C_D)         0.105     1.687    count_1hz_reg[26]
  -------------------------------------------------------------------
                         required time                         -1.687    
                         arrival time                           1.956    
  -------------------------------------------------------------------
                         slack                                  0.269    

Slack (MET) :             0.269ns  (arrival time - required time)
  Source:                 count_1hz_reg[2]/C
                            (rising edge-triggered cell FDRE clocked by sys_clk_pin  {rise@0.000ns fall@5.000ns period=10.000ns})
  Destination:            count_1hz_reg[2]/D
                            (rising edge-triggered cell FDRE clocked by sys_clk_pin  {rise@0.000ns fall@5.000ns period=10.000ns})
  Path Group:             sys_clk_pin
  Path Type:              Hold (Min at Fast Process Corner)
  Requirement:            0.000ns  (sys_clk_pin rise@0.000ns - sys_clk_pin rise@0.000ns)
  Data Path Delay:        0.374ns  (logic 0.252ns (67.467%)  route 0.122ns (32.533%))
  Logic Levels:           1  (CARRY4=1)
  Clock Path Skew:        0.000ns (DCD - SCD - CPR)
    Destination Clock Delay (DCD):    2.097ns
    Source Clock Delay      (SCD):    1.578ns
    Clock Pessimism Removal (CPR):    0.518ns

    Location             Delay type                Incr(ns)  Path(ns)    Netlist Resource(s)
  -------------------------------------------------------------------    -------------------
                         (clock sys_clk_pin rise edge)
                                                      0.000     0.000 r  
    V18                                               0.000     0.000 r  clk (IN)
                         net (fo=0)                   0.000     0.000    clk
    V18                  IBUF (Prop_ibuf_I_O)         0.251     0.251 r  clk_IBUF_inst/O
                         net (fo=1, routed)           0.634     0.885    clk_IBUF
    BUFGCTRL_X0Y0        BUFG (Prop_bufg_I_O)         0.026     0.911 r  clk_IBUF_BUFG_inst/O
                         net (fo=40, routed)          0.667     1.578    clk_IBUF_BUFG
    SLICE_X3Y130         FDRE                                         r  count_1hz_reg[2]/C
  -------------------------------------------------------------------    -------------------
    SLICE_X3Y130         FDRE (Prop_fdre_C_Q)         0.141     1.719 r  count_1hz_reg[2]/Q
                         net (fo=4, routed)           0.122     1.841    count_1hz_reg[2]
    SLICE_X3Y130         CARRY4 (Prop_carry4_S[2]_O[2])
                                                      0.111     1.952 r  count_1hz_reg[0]_i_2/O[2]
                         net (fo=1, routed)           0.000     1.952    count_1hz_reg[0]_i_2_n_5
    SLICE_X3Y130         FDRE                                         r  count_1hz_reg[2]/D
  -------------------------------------------------------------------    -------------------

                         (clock sys_clk_pin rise edge)
                                                      0.000     0.000 r  
    V18                                               0.000     0.000 r  clk (IN)
                         net (fo=0)                   0.000     0.000    clk
    V18                  IBUF (Prop_ibuf_I_O)         0.439     0.439 r  clk_IBUF_inst/O
                         net (fo=1, routed)           0.689     1.127    clk_IBUF
    BUFGCTRL_X0Y0        BUFG (Prop_bufg_I_O)         0.029     1.156 r  clk_IBUF_BUFG_inst/O
                         net (fo=40, routed)          0.940     2.097    clk_IBUF_BUFG
    SLICE_X3Y130         FDRE                                         r  count_1hz_reg[2]/C
                         clock pessimism             -0.518     1.578    
    SLICE_X3Y130         FDRE (Hold_fdre_C_D)         0.105     1.683    count_1hz_reg[2]
  -------------------------------------------------------------------
                         required time                         -1.683    
                         arrival time                           1.952    
  -------------------------------------------------------------------
                         slack                                  0.269    





Pulse Width Checks
--------------------------------------------------------------------------------------
Clock Name:         sys_clk_pin
Waveform(ns):       { 0.000 5.000 }
Period(ns):         10.000
Sources:            { clk }

Check Type        Corner  Lib Pin  Reference Pin  Required(ns)  Actual(ns)  Slack(ns)  Location       Pin
Min Period        n/a     BUFG/I   n/a            2.155         10.000      7.845      BUFGCTRL_X0Y0  clk_IBUF_BUFG_inst/I
Min Period        n/a     FDRE/C   n/a            1.000         10.000      9.000      SLICE_X3Y130   count_1hz_reg[0]/C
Min Period        n/a     FDRE/C   n/a            1.000         10.000      9.000      SLICE_X3Y132   count_1hz_reg[10]/C
Min Period        n/a     FDRE/C   n/a            1.000         10.000      9.000      SLICE_X3Y132   count_1hz_reg[11]/C
Min Period        n/a     FDRE/C   n/a            1.000         10.000      9.000      SLICE_X3Y133   count_1hz_reg[12]/C
Min Period        n/a     FDRE/C   n/a            1.000         10.000      9.000      SLICE_X3Y133   count_1hz_reg[13]/C
Min Period        n/a     FDRE/C   n/a            1.000         10.000      9.000      SLICE_X3Y133   count_1hz_reg[14]/C
Min Period        n/a     FDRE/C   n/a            1.000         10.000      9.000      SLICE_X3Y133   count_1hz_reg[15]/C
Min Period        n/a     FDRE/C   n/a            1.000         10.000      9.000      SLICE_X3Y134   count_1hz_reg[16]/C
Min Period        n/a     FDRE/C   n/a            1.000         10.000      9.000      SLICE_X3Y134   count_1hz_reg[17]/C
Low Pulse Width   Slow    FDRE/C   n/a            0.500         5.000       4.500      SLICE_X3Y130   count_1hz_reg[0]/C
Low Pulse Width   Fast    FDRE/C   n/a            0.500         5.000       4.500      SLICE_X3Y130   count_1hz_reg[0]/C
Low Pulse Width   Slow    FDRE/C   n/a            0.500         5.000       4.500      SLICE_X3Y132   count_1hz_reg[10]/C
Low Pulse Width   Fast    FDRE/C   n/a            0.500         5.000       4.500      SLICE_X3Y132   count_1hz_reg[10]/C
Low Pulse Width   Slow    FDRE/C   n/a            0.500         5.000       4.500      SLICE_X3Y132   count_1hz_reg[11]/C
Low Pulse Width   Fast    FDRE/C   n/a            0.500         5.000       4.500      SLICE_X3Y132   count_1hz_reg[11]/C
Low Pulse Width   Slow    FDRE/C   n/a            0.500         5.000       4.500      SLICE_X3Y133   count_1hz_reg[12]/C
Low Pulse Width   Fast    FDRE/C   n/a            0.500         5.000       4.500      SLICE_X3Y133   count_1hz_reg[12]/C
Low Pulse Width   Slow    FDRE/C   n/a            0.500         5.000       4.500      SLICE_X3Y133   count_1hz_reg[13]/C
Low Pulse Width   Fast    FDRE/C   n/a            0.500         5.000       4.500      SLICE_X3Y133   count_1hz_reg[13]/C
High Pulse Width  Slow    FDRE/C   n/a            0.500         5.000       4.500      SLICE_X3Y130   count_1hz_reg[0]/C
High Pulse Width  Fast    FDRE/C   n/a            0.500         5.000       4.500      SLICE_X3Y130   count_1hz_reg[0]/C
High Pulse Width  Slow    FDRE/C   n/a            0.500         5.000       4.500      SLICE_X3Y132   count_1hz_reg[10]/C
High Pulse Width  Fast    FDRE/C   n/a            0.500         5.000       4.500      SLICE_X3Y132   count_1hz_reg[10]/C
High Pulse Width  Slow    FDRE/C   n/a            0.500         5.000       4.500      SLICE_X3Y132   count_1hz_reg[11]/C
High Pulse Width  Fast    FDRE/C   n/a            0.500         5.000       4.500      SLICE_X3Y132   count_1hz_reg[11]/C
High Pulse Width  Slow    FDRE/C   n/a            0.500         5.000       4.500      SLICE_X3Y133   count_1hz_reg[12]/C
High Pulse Width  Fast    FDRE/C   n/a            0.500         5.000       4.500      SLICE_X3Y133   count_1hz_reg[12]/C
High Pulse Width  Slow    FDRE/C   n/a            0.500         5.000       4.500      SLICE_X3Y133   count_1hz_reg[13]/C
High Pulse Width  Fast    FDRE/C   n/a            0.500         5.000       4.500      SLICE_X3Y133   count_1hz_reg[13]/C



--------------------------------------------------------------------------------------
Path Group:  (none)
From Clock:  sys_clk_pin
  To Clock:  

Max Delay             8 Endpoints
Min Delay             8 Endpoints
--------------------------------------------------------------------------------------


Max Delay Paths
--------------------------------------------------------------------------------------
Slack:                    inf
  Source:                 led_reg[7]/C
                            (rising edge-triggered cell FDRE clocked by sys_clk_pin  {rise@0.000ns fall@5.000ns period=10.000ns})
  Destination:            led[7]
                            (output port)
  Path Group:             (none)
  Path Type:              Max at Slow Process Corner
  Data Path Delay:        6.016ns  (logic 4.174ns (69.376%)  route 1.842ns (30.624%))
  Logic Levels:           1  (OBUF=1)
  Clock Uncertainty:      0.025ns  ((TSJ^2 + TIJ^2)^1/2 + DJ) / 2 + PE
    Total System Jitter     (TSJ):    0.050ns
    Total Input Jitter      (TIJ):    0.000ns
    Discrete Jitter          (DJ):    0.000ns
    Phase Error              (PE):    0.000ns

    Location             Delay type                Incr(ns)  Path(ns)    Netlist Resource(s)
  -------------------------------------------------------------------    -------------------
                         (clock sys_clk_pin rise edge)
                                                      0.000     0.000 r  
    V18                                               0.000     0.000 r  clk (IN)
                         net (fo=0)                   0.000     0.000    clk
    V18                  IBUF (Prop_ibuf_I_O)         1.483     1.483 r  clk_IBUF_inst/O
                         net (fo=1, routed)           1.972     3.455    clk_IBUF
    BUFGCTRL_X0Y0        BUFG (Prop_bufg_I_O)         0.096     3.551 r  clk_IBUF_BUFG_inst/O
                         net (fo=40, routed)          1.798     5.349    clk_IBUF_BUFG
    SLICE_X0Y131         FDRE                                         r  led_reg[7]/C
  -------------------------------------------------------------------    -------------------
    SLICE_X0Y131         FDRE (Prop_fdre_C_Q)         0.419     5.768 r  led_reg[7]/Q
                         net (fo=3, routed)           1.842     7.610    led_OBUF[7]
    A14                  OBUF (Prop_obuf_I_O)         3.755    11.365 r  led_OBUF[7]_inst/O
                         net (fo=0)                   0.000    11.365    led[7]
    A14                                                               r  led[7] (OUT)
  -------------------------------------------------------------------    -------------------

Slack:                    inf
  Source:                 led_reg[0]/C
                            (rising edge-triggered cell FDSE clocked by sys_clk_pin  {rise@0.000ns fall@5.000ns period=10.000ns})
  Destination:            led[0]
                            (output port)
  Path Group:             (none)
  Path Type:              Max at Slow Process Corner
  Data Path Delay:        5.891ns  (logic 4.001ns (67.925%)  route 1.889ns (32.075%))
  Logic Levels:           1  (OBUF=1)
  Clock Uncertainty:      0.025ns  ((TSJ^2 + TIJ^2)^1/2 + DJ) / 2 + PE
    Total System Jitter     (TSJ):    0.050ns
    Total Input Jitter      (TIJ):    0.000ns
    Discrete Jitter          (DJ):    0.000ns
    Phase Error              (PE):    0.000ns

    Location             Delay type                Incr(ns)  Path(ns)    Netlist Resource(s)
  -------------------------------------------------------------------    -------------------
                         (clock sys_clk_pin rise edge)
                                                      0.000     0.000 r  
    V18                                               0.000     0.000 r  clk (IN)
                         net (fo=0)                   0.000     0.000    clk
    V18                  IBUF (Prop_ibuf_I_O)         1.483     1.483 r  clk_IBUF_inst/O
                         net (fo=1, routed)           1.972     3.455    clk_IBUF
    BUFGCTRL_X0Y0        BUFG (Prop_bufg_I_O)         0.096     3.551 r  clk_IBUF_BUFG_inst/O
                         net (fo=40, routed)          1.800     5.351    clk_IBUF_BUFG
    SLICE_X0Y132         FDSE                                         r  led_reg[0]/C
  -------------------------------------------------------------------    -------------------
    SLICE_X0Y132         FDSE (Prop_fdse_C_Q)         0.456     5.807 r  led_reg[0]/Q
                         net (fo=3, routed)           1.889     7.696    led_OBUF[0]
    B15                  OBUF (Prop_obuf_I_O)         3.545    11.242 r  led_OBUF[0]_inst/O
                         net (fo=0)                   0.000    11.242    led[0]
    B15                                                               r  led[0] (OUT)
  -------------------------------------------------------------------    -------------------

Slack:                    inf
  Source:                 led_reg[3]/C
                            (rising edge-triggered cell FDRE clocked by sys_clk_pin  {rise@0.000ns fall@5.000ns period=10.000ns})
  Destination:            led[3]
                            (output port)
  Path Group:             (none)
  Path Type:              Max at Slow Process Corner
  Data Path Delay:        5.868ns  (logic 4.154ns (70.788%)  route 1.714ns (29.212%))
  Logic Levels:           1  (OBUF=1)
  Clock Uncertainty:      0.025ns  ((TSJ^2 + TIJ^2)^1/2 + DJ) / 2 + PE
    Total System Jitter     (TSJ):    0.050ns
    Total Input Jitter      (TIJ):    0.000ns
    Discrete Jitter          (DJ):    0.000ns
    Phase Error              (PE):    0.000ns

    Location             Delay type                Incr(ns)  Path(ns)    Netlist Resource(s)
  -------------------------------------------------------------------    -------------------
                         (clock sys_clk_pin rise edge)
                                                      0.000     0.000 r  
    V18                                               0.000     0.000 r  clk (IN)
                         net (fo=0)                   0.000     0.000    clk
    V18                  IBUF (Prop_ibuf_I_O)         1.483     1.483 r  clk_IBUF_inst/O
                         net (fo=1, routed)           1.972     3.455    clk_IBUF
    BUFGCTRL_X0Y0        BUFG (Prop_bufg_I_O)         0.096     3.551 r  clk_IBUF_BUFG_inst/O
                         net (fo=40, routed)          1.800     5.351    clk_IBUF_BUFG
    SLICE_X0Y132         FDRE                                         r  led_reg[3]/C
  -------------------------------------------------------------------    -------------------
    SLICE_X0Y132         FDRE (Prop_fdre_C_Q)         0.419     5.770 r  led_reg[3]/Q
                         net (fo=3, routed)           1.714     7.484    led_OBUF[3]
    B13                  OBUF (Prop_obuf_I_O)         3.735    11.219 r  led_OBUF[3]_inst/O
                         net (fo=0)                   0.000    11.219    led[3]
    B13                                                               r  led[3] (OUT)
  -------------------------------------------------------------------    -------------------

Slack:                    inf
  Source:                 led_reg[4]/C
                            (rising edge-triggered cell FDRE clocked by sys_clk_pin  {rise@0.000ns fall@5.000ns period=10.000ns})
  Destination:            led[4]
                            (output port)
  Path Group:             (none)
  Path Type:              Max at Slow Process Corner
  Data Path Delay:        5.857ns  (logic 4.147ns (70.813%)  route 1.710ns (29.187%))
  Logic Levels:           1  (OBUF=1)
  Clock Uncertainty:      0.025ns  ((TSJ^2 + TIJ^2)^1/2 + DJ) / 2 + PE
    Total System Jitter     (TSJ):    0.050ns
    Total Input Jitter      (TIJ):    0.000ns
    Discrete Jitter          (DJ):    0.000ns
    Phase Error              (PE):    0.000ns

    Location             Delay type                Incr(ns)  Path(ns)    Netlist Resource(s)
  -------------------------------------------------------------------    -------------------
                         (clock sys_clk_pin rise edge)
                                                      0.000     0.000 r  
    V18                                               0.000     0.000 r  clk (IN)
                         net (fo=0)                   0.000     0.000    clk
    V18                  IBUF (Prop_ibuf_I_O)         1.483     1.483 r  clk_IBUF_inst/O
                         net (fo=1, routed)           1.972     3.455    clk_IBUF
    BUFGCTRL_X0Y0        BUFG (Prop_bufg_I_O)         0.096     3.551 r  clk_IBUF_BUFG_inst/O
                         net (fo=40, routed)          1.800     5.351    clk_IBUF_BUFG
    SLICE_X0Y132         FDRE                                         r  led_reg[4]/C
  -------------------------------------------------------------------    -------------------
    SLICE_X0Y132         FDRE (Prop_fdre_C_Q)         0.419     5.770 r  led_reg[4]/Q
                         net (fo=3, routed)           1.710     7.479    led_OBUF[4]
    A15                  OBUF (Prop_obuf_I_O)         3.728    11.208 r  led_OBUF[4]_inst/O
                         net (fo=0)                   0.000    11.208    led[4]
    A15                                                               r  led[4] (OUT)
  -------------------------------------------------------------------    -------------------

Slack:                    inf
  Source:                 led_reg[1]/C
                            (rising edge-triggered cell FDRE clocked by sys_clk_pin  {rise@0.000ns fall@5.000ns period=10.000ns})
  Destination:            led[1]
                            (output port)
  Path Group:             (none)
  Path Type:              Max at Slow Process Corner
  Data Path Delay:        5.741ns  (logic 4.002ns (69.720%)  route 1.738ns (30.280%))
  Logic Levels:           1  (OBUF=1)
  Clock Uncertainty:      0.025ns  ((TSJ^2 + TIJ^2)^1/2 + DJ) / 2 + PE
    Total System Jitter     (TSJ):    0.050ns
    Total Input Jitter      (TIJ):    0.000ns
    Discrete Jitter          (DJ):    0.000ns
    Phase Error              (PE):    0.000ns

    Location             Delay type                Incr(ns)  Path(ns)    Netlist Resource(s)
  -------------------------------------------------------------------    -------------------
                         (clock sys_clk_pin rise edge)
                                                      0.000     0.000 r  
    V18                                               0.000     0.000 r  clk (IN)
                         net (fo=0)                   0.000     0.000    clk
    V18                  IBUF (Prop_ibuf_I_O)         1.483     1.483 r  clk_IBUF_inst/O
                         net (fo=1, routed)           1.972     3.455    clk_IBUF
    BUFGCTRL_X0Y0        BUFG (Prop_bufg_I_O)         0.096     3.551 r  clk_IBUF_BUFG_inst/O
                         net (fo=40, routed)          1.800     5.351    clk_IBUF_BUFG
    SLICE_X0Y132         FDRE                                         r  led_reg[1]/C
  -------------------------------------------------------------------    -------------------
    SLICE_X0Y132         FDRE (Prop_fdre_C_Q)         0.456     5.807 r  led_reg[1]/Q
                         net (fo=3, routed)           1.738     7.545    led_OBUF[1]
    B16                  OBUF (Prop_obuf_I_O)         3.546    11.092 r  led_OBUF[1]_inst/O
                         net (fo=0)                   0.000    11.092    led[1]
    B16                                                               r  led[1] (OUT)
  -------------------------------------------------------------------    -------------------

Slack:                    inf
  Source:                 led_reg[6]/C
                            (rising edge-triggered cell FDRE clocked by sys_clk_pin  {rise@0.000ns fall@5.000ns period=10.000ns})
  Destination:            led[6]
                            (output port)
  Path Group:             (none)
  Path Type:              Max at Slow Process Corner
  Data Path Delay:        5.735ns  (logic 4.034ns (70.337%)  route 1.701ns (29.663%))
  Logic Levels:           1  (OBUF=1)
  Clock Uncertainty:      0.025ns  ((TSJ^2 + TIJ^2)^1/2 + DJ) / 2 + PE
    Total System Jitter     (TSJ):    0.050ns
    Total Input Jitter      (TIJ):    0.000ns
    Discrete Jitter          (DJ):    0.000ns
    Phase Error              (PE):    0.000ns

    Location             Delay type                Incr(ns)  Path(ns)    Netlist Resource(s)
  -------------------------------------------------------------------    -------------------
                         (clock sys_clk_pin rise edge)
                                                      0.000     0.000 r  
    V18                                               0.000     0.000 r  clk (IN)
                         net (fo=0)                   0.000     0.000    clk
    V18                  IBUF (Prop_ibuf_I_O)         1.483     1.483 r  clk_IBUF_inst/O
                         net (fo=1, routed)           1.972     3.455    clk_IBUF
    BUFGCTRL_X0Y0        BUFG (Prop_bufg_I_O)         0.096     3.551 r  clk_IBUF_BUFG_inst/O
                         net (fo=40, routed)          1.798     5.349    clk_IBUF_BUFG
    SLICE_X0Y131         FDRE                                         r  led_reg[6]/C
  -------------------------------------------------------------------    -------------------
    SLICE_X0Y131         FDRE (Prop_fdre_C_Q)         0.456     5.805 r  led_reg[6]/Q
                         net (fo=3, routed)           1.701     7.506    led_OBUF[6]
    A13                  OBUF (Prop_obuf_I_O)         3.578    11.084 r  led_OBUF[6]_inst/O
                         net (fo=0)                   0.000    11.084    led[6]
    A13                                                               r  led[6] (OUT)
  -------------------------------------------------------------------    -------------------

Slack:                    inf
  Source:                 led_reg[2]/C
                            (rising edge-triggered cell FDRE clocked by sys_clk_pin  {rise@0.000ns fall@5.000ns period=10.000ns})
  Destination:            led[2]
                            (output port)
  Path Group:             (none)
  Path Type:              Max at Slow Process Corner
  Data Path Delay:        5.697ns  (logic 4.013ns (70.432%)  route 1.685ns (29.568%))
  Logic Levels:           1  (OBUF=1)
  Clock Uncertainty:      0.025ns  ((TSJ^2 + TIJ^2)^1/2 + DJ) / 2 + PE
    Total System Jitter     (TSJ):    0.050ns
    Total Input Jitter      (TIJ):    0.000ns
    Discrete Jitter          (DJ):    0.000ns
    Phase Error              (PE):    0.000ns

    Location             Delay type                Incr(ns)  Path(ns)    Netlist Resource(s)
  -------------------------------------------------------------------    -------------------
                         (clock sys_clk_pin rise edge)
                                                      0.000     0.000 r  
    V18                                               0.000     0.000 r  clk (IN)
                         net (fo=0)                   0.000     0.000    clk
    V18                  IBUF (Prop_ibuf_I_O)         1.483     1.483 r  clk_IBUF_inst/O
                         net (fo=1, routed)           1.972     3.455    clk_IBUF
    BUFGCTRL_X0Y0        BUFG (Prop_bufg_I_O)         0.096     3.551 r  clk_IBUF_BUFG_inst/O
                         net (fo=40, routed)          1.800     5.351    clk_IBUF_BUFG
    SLICE_X0Y132         FDRE                                         r  led_reg[2]/C
  -------------------------------------------------------------------    -------------------
    SLICE_X0Y132         FDRE (Prop_fdre_C_Q)         0.456     5.807 r  led_reg[2]/Q
                         net (fo=3, routed)           1.685     7.492    led_OBUF[2]
    C13                  OBUF (Prop_obuf_I_O)         3.557    11.048 r  led_OBUF[2]_inst/O
                         net (fo=0)                   0.000    11.048    led[2]
    C13                                                               r  led[2] (OUT)
  -------------------------------------------------------------------    -------------------

Slack:                    inf
  Source:                 led_reg[5]/C
                            (rising edge-triggered cell FDRE clocked by sys_clk_pin  {rise@0.000ns fall@5.000ns period=10.000ns})
  Destination:            led[5]
                            (output port)
  Path Group:             (none)
  Path Type:              Max at Slow Process Corner
  Data Path Delay:        5.573ns  (logic 4.017ns (72.073%)  route 1.556ns (27.927%))
  Logic Levels:           1  (OBUF=1)
  Clock Uncertainty:      0.025ns  ((TSJ^2 + TIJ^2)^1/2 + DJ) / 2 + PE
    Total System Jitter     (TSJ):    0.050ns
    Total Input Jitter      (TIJ):    0.000ns
    Discrete Jitter          (DJ):    0.000ns
    Phase Error              (PE):    0.000ns

    Location             Delay type                Incr(ns)  Path(ns)    Netlist Resource(s)
  -------------------------------------------------------------------    -------------------
                         (clock sys_clk_pin rise edge)
                                                      0.000     0.000 r  
    V18                                               0.000     0.000 r  clk (IN)
                         net (fo=0)                   0.000     0.000    clk
    V18                  IBUF (Prop_ibuf_I_O)         1.483     1.483 r  clk_IBUF_inst/O
                         net (fo=1, routed)           1.972     3.455    clk_IBUF
    BUFGCTRL_X0Y0        BUFG (Prop_bufg_I_O)         0.096     3.551 r  clk_IBUF_BUFG_inst/O
                         net (fo=40, routed)          1.798     5.349    clk_IBUF_BUFG
    SLICE_X0Y131         FDRE                                         r  led_reg[5]/C
  -------------------------------------------------------------------    -------------------
    SLICE_X0Y131         FDRE (Prop_fdre_C_Q)         0.456     5.805 r  led_reg[5]/Q
                         net (fo=3, routed)           1.556     7.361    led_OBUF[5]
    A16                  OBUF (Prop_obuf_I_O)         3.561    10.922 r  led_OBUF[5]_inst/O
                         net (fo=0)                   0.000    10.922    led[5]
    A16                                                               r  led[5] (OUT)
  -------------------------------------------------------------------    -------------------





Min Delay Paths
--------------------------------------------------------------------------------------
Slack:                    inf
  Source:                 led_reg[5]/C
                            (rising edge-triggered cell FDRE clocked by sys_clk_pin  {rise@0.000ns fall@5.000ns period=10.000ns})
  Destination:            led[5]
                            (output port)
  Path Group:             (none)
  Path Type:              Min at Fast Process Corner
  Data Path Delay:        1.712ns  (logic 1.402ns (81.926%)  route 0.309ns (18.074%))
  Logic Levels:           1  (OBUF=1)
  Clock Uncertainty:      0.025ns  ((TSJ^2 + TIJ^2)^1/2 + DJ) / 2 + PE
    Total System Jitter     (TSJ):    0.050ns
    Total Input Jitter      (TIJ):    0.000ns
    Discrete Jitter          (DJ):    0.000ns
    Phase Error              (PE):    0.000ns

    Location             Delay type                Incr(ns)  Path(ns)    Netlist Resource(s)
  -------------------------------------------------------------------    -------------------
                         (clock sys_clk_pin rise edge)
                                                      0.000     0.000 r  
    V18                                               0.000     0.000 r  clk (IN)
                         net (fo=0)                   0.000     0.000    clk
    V18                  IBUF (Prop_ibuf_I_O)         0.251     0.251 r  clk_IBUF_inst/O
                         net (fo=1, routed)           0.634     0.885    clk_IBUF
    BUFGCTRL_X0Y0        BUFG (Prop_bufg_I_O)         0.026     0.911 r  clk_IBUF_BUFG_inst/O
                         net (fo=40, routed)          0.668     1.579    clk_IBUF_BUFG
    SLICE_X0Y131         FDRE                                         r  led_reg[5]/C
  -------------------------------------------------------------------    -------------------
    SLICE_X0Y131         FDRE (Prop_fdre_C_Q)         0.141     1.720 r  led_reg[5]/Q
                         net (fo=3, routed)           0.309     2.029    led_OBUF[5]
    A16                  OBUF (Prop_obuf_I_O)         1.261     3.291 r  led_OBUF[5]_inst/O
                         net (fo=0)                   0.000     3.291    led[5]
    A16                                                               r  led[5] (OUT)
  -------------------------------------------------------------------    -------------------

Slack:                    inf
  Source:                 led_reg[2]/C
                            (rising edge-triggered cell FDRE clocked by sys_clk_pin  {rise@0.000ns fall@5.000ns period=10.000ns})
  Destination:            led[2]
                            (output port)
  Path Group:             (none)
  Path Type:              Min at Fast Process Corner
  Data Path Delay:        1.754ns  (logic 1.398ns (79.726%)  route 0.356ns (20.274%))
  Logic Levels:           1  (OBUF=1)
  Clock Uncertainty:      0.025ns  ((TSJ^2 + TIJ^2)^1/2 + DJ) / 2 + PE
    Total System Jitter     (TSJ):    0.050ns
    Total Input Jitter      (TIJ):    0.000ns
    Discrete Jitter          (DJ):    0.000ns
    Phase Error              (PE):    0.000ns

    Location             Delay type                Incr(ns)  Path(ns)    Netlist Resource(s)
  -------------------------------------------------------------------    -------------------
                         (clock sys_clk_pin rise edge)
                                                      0.000     0.000 r  
    V18                                               0.000     0.000 r  clk (IN)
                         net (fo=0)                   0.000     0.000    clk
    V18                  IBUF (Prop_ibuf_I_O)         0.251     0.251 r  clk_IBUF_inst/O
                         net (fo=1, routed)           0.634     0.885    clk_IBUF
    BUFGCTRL_X0Y0        BUFG (Prop_bufg_I_O)         0.026     0.911 r  clk_IBUF_BUFG_inst/O
                         net (fo=40, routed)          0.669     1.580    clk_IBUF_BUFG
    SLICE_X0Y132         FDRE                                         r  led_reg[2]/C
  -------------------------------------------------------------------    -------------------
    SLICE_X0Y132         FDRE (Prop_fdre_C_Q)         0.141     1.721 r  led_reg[2]/Q
                         net (fo=3, routed)           0.356     2.077    led_OBUF[2]
    C13                  OBUF (Prop_obuf_I_O)         1.257     3.334 r  led_OBUF[2]_inst/O
                         net (fo=0)                   0.000     3.334    led[2]
    C13                                                               r  led[2] (OUT)
  -------------------------------------------------------------------    -------------------

Slack:                    inf
  Source:                 led_reg[1]/C
                            (rising edge-triggered cell FDRE clocked by sys_clk_pin  {rise@0.000ns fall@5.000ns period=10.000ns})
  Destination:            led[1]
                            (output port)
  Path Group:             (none)
  Path Type:              Min at Fast Process Corner
  Data Path Delay:        1.771ns  (logic 1.388ns (78.363%)  route 0.383ns (21.637%))
  Logic Levels:           1  (OBUF=1)
  Clock Uncertainty:      0.025ns  ((TSJ^2 + TIJ^2)^1/2 + DJ) / 2 + PE
    Total System Jitter     (TSJ):    0.050ns
    Total Input Jitter      (TIJ):    0.000ns
    Discrete Jitter          (DJ):    0.000ns
    Phase Error              (PE):    0.000ns

    Location             Delay type                Incr(ns)  Path(ns)    Netlist Resource(s)
  -------------------------------------------------------------------    -------------------
                         (clock sys_clk_pin rise edge)
                                                      0.000     0.000 r  
    V18                                               0.000     0.000 r  clk (IN)
                         net (fo=0)                   0.000     0.000    clk
    V18                  IBUF (Prop_ibuf_I_O)         0.251     0.251 r  clk_IBUF_inst/O
                         net (fo=1, routed)           0.634     0.885    clk_IBUF
    BUFGCTRL_X0Y0        BUFG (Prop_bufg_I_O)         0.026     0.911 r  clk_IBUF_BUFG_inst/O
                         net (fo=40, routed)          0.669     1.580    clk_IBUF_BUFG
    SLICE_X0Y132         FDRE                                         r  led_reg[1]/C
  -------------------------------------------------------------------    -------------------
    SLICE_X0Y132         FDRE (Prop_fdre_C_Q)         0.141     1.721 r  led_reg[1]/Q
                         net (fo=3, routed)           0.383     2.104    led_OBUF[1]
    B16                  OBUF (Prop_obuf_I_O)         1.247     3.351 r  led_OBUF[1]_inst/O
                         net (fo=0)                   0.000     3.351    led[1]
    B16                                                               r  led[1] (OUT)
  -------------------------------------------------------------------    -------------------

Slack:                    inf
  Source:                 led_reg[6]/C
                            (rising edge-triggered cell FDRE clocked by sys_clk_pin  {rise@0.000ns fall@5.000ns period=10.000ns})
  Destination:            led[6]
                            (output port)
  Path Group:             (none)
  Path Type:              Min at Fast Process Corner
  Data Path Delay:        1.774ns  (logic 1.419ns (79.982%)  route 0.355ns (20.018%))
  Logic Levels:           1  (OBUF=1)
  Clock Uncertainty:      0.025ns  ((TSJ^2 + TIJ^2)^1/2 + DJ) / 2 + PE
    Total System Jitter     (TSJ):    0.050ns
    Total Input Jitter      (TIJ):    0.000ns
    Discrete Jitter          (DJ):    0.000ns
    Phase Error              (PE):    0.000ns

    Location             Delay type                Incr(ns)  Path(ns)    Netlist Resource(s)
  -------------------------------------------------------------------    -------------------
                         (clock sys_clk_pin rise edge)
                                                      0.000     0.000 r  
    V18                                               0.000     0.000 r  clk (IN)
                         net (fo=0)                   0.000     0.000    clk
    V18                  IBUF (Prop_ibuf_I_O)         0.251     0.251 r  clk_IBUF_inst/O
                         net (fo=1, routed)           0.634     0.885    clk_IBUF
    BUFGCTRL_X0Y0        BUFG (Prop_bufg_I_O)         0.026     0.911 r  clk_IBUF_BUFG_inst/O
                         net (fo=40, routed)          0.668     1.579    clk_IBUF_BUFG
    SLICE_X0Y131         FDRE                                         r  led_reg[6]/C
  -------------------------------------------------------------------    -------------------
    SLICE_X0Y131         FDRE (Prop_fdre_C_Q)         0.141     1.720 r  led_reg[6]/Q
                         net (fo=3, routed)           0.355     2.075    led_OBUF[6]
    A13                  OBUF (Prop_obuf_I_O)         1.278     3.354 r  led_OBUF[6]_inst/O
                         net (fo=0)                   0.000     3.354    led[6]
    A13                                                               r  led[6] (OUT)
  -------------------------------------------------------------------    -------------------

Slack:                    inf
  Source:                 led_reg[3]/C
                            (rising edge-triggered cell FDRE clocked by sys_clk_pin  {rise@0.000ns fall@5.000ns period=10.000ns})
  Destination:            led[3]
                            (output port)
  Path Group:             (none)
  Path Type:              Min at Fast Process Corner
  Data Path Delay:        1.805ns  (logic 1.443ns (79.929%)  route 0.362ns (20.071%))
  Logic Levels:           1  (OBUF=1)
  Clock Uncertainty:      0.025ns  ((TSJ^2 + TIJ^2)^1/2 + DJ) / 2 + PE
    Total System Jitter     (TSJ):    0.050ns
    Total Input Jitter      (TIJ):    0.000ns
    Discrete Jitter          (DJ):    0.000ns
    Phase Error              (PE):    0.000ns

    Location             Delay type                Incr(ns)  Path(ns)    Netlist Resource(s)
  -------------------------------------------------------------------    -------------------
                         (clock sys_clk_pin rise edge)
                                                      0.000     0.000 r  
    V18                                               0.000     0.000 r  clk (IN)
                         net (fo=0)                   0.000     0.000    clk
    V18                  IBUF (Prop_ibuf_I_O)         0.251     0.251 r  clk_IBUF_inst/O
                         net (fo=1, routed)           0.634     0.885    clk_IBUF
    BUFGCTRL_X0Y0        BUFG (Prop_bufg_I_O)         0.026     0.911 r  clk_IBUF_BUFG_inst/O
                         net (fo=40, routed)          0.669     1.580    clk_IBUF_BUFG
    SLICE_X0Y132         FDRE                                         r  led_reg[3]/C
  -------------------------------------------------------------------    -------------------
    SLICE_X0Y132         FDRE (Prop_fdre_C_Q)         0.128     1.708 r  led_reg[3]/Q
                         net (fo=3, routed)           0.362     2.070    led_OBUF[3]
    B13                  OBUF (Prop_obuf_I_O)         1.315     3.385 r  led_OBUF[3]_inst/O
                         net (fo=0)                   0.000     3.385    led[3]
    B13                                                               r  led[3] (OUT)
  -------------------------------------------------------------------    -------------------

Slack:                    inf
  Source:                 led_reg[4]/C
                            (rising edge-triggered cell FDRE clocked by sys_clk_pin  {rise@0.000ns fall@5.000ns period=10.000ns})
  Destination:            led[4]
                            (output port)
  Path Group:             (none)
  Path Type:              Min at Fast Process Corner
  Data Path Delay:        1.816ns  (logic 1.438ns (79.208%)  route 0.378ns (20.792%))
  Logic Levels:           1  (OBUF=1)
  Clock Uncertainty:      0.025ns  ((TSJ^2 + TIJ^2)^1/2 + DJ) / 2 + PE
    Total System Jitter     (TSJ):    0.050ns
    Total Input Jitter      (TIJ):    0.000ns
    Discrete Jitter          (DJ):    0.000ns
    Phase Error              (PE):    0.000ns

    Location             Delay type                Incr(ns)  Path(ns)    Netlist Resource(s)
  -------------------------------------------------------------------    -------------------
                         (clock sys_clk_pin rise edge)
                                                      0.000     0.000 r  
    V18                                               0.000     0.000 r  clk (IN)
                         net (fo=0)                   0.000     0.000    clk
    V18                  IBUF (Prop_ibuf_I_O)         0.251     0.251 r  clk_IBUF_inst/O
                         net (fo=1, routed)           0.634     0.885    clk_IBUF
    BUFGCTRL_X0Y0        BUFG (Prop_bufg_I_O)         0.026     0.911 r  clk_IBUF_BUFG_inst/O
                         net (fo=40, routed)          0.669     1.580    clk_IBUF_BUFG
    SLICE_X0Y132         FDRE                                         r  led_reg[4]/C
  -------------------------------------------------------------------    -------------------
    SLICE_X0Y132         FDRE (Prop_fdre_C_Q)         0.128     1.708 r  led_reg[4]/Q
                         net (fo=3, routed)           0.378     2.086    led_OBUF[4]
    A15                  OBUF (Prop_obuf_I_O)         1.310     3.396 r  led_OBUF[4]_inst/O
                         net (fo=0)                   0.000     3.396    led[4]
    A15                                                               r  led[4] (OUT)
  -------------------------------------------------------------------    -------------------

Slack:                    inf
  Source:                 led_reg[0]/C
                            (rising edge-triggered cell FDSE clocked by sys_clk_pin  {rise@0.000ns fall@5.000ns period=10.000ns})
  Destination:            led[0]
                            (output port)
  Path Group:             (none)
  Path Type:              Min at Fast Process Corner
  Data Path Delay:        1.821ns  (logic 1.387ns (76.149%)  route 0.434ns (23.851%))
  Logic Levels:           1  (OBUF=1)
  Clock Uncertainty:      0.025ns  ((TSJ^2 + TIJ^2)^1/2 + DJ) / 2 + PE
    Total System Jitter     (TSJ):    0.050ns
    Total Input Jitter      (TIJ):    0.000ns
    Discrete Jitter          (DJ):    0.000ns
    Phase Error              (PE):    0.000ns

    Location             Delay type                Incr(ns)  Path(ns)    Netlist Resource(s)
  -------------------------------------------------------------------    -------------------
                         (clock sys_clk_pin rise edge)
                                                      0.000     0.000 r  
    V18                                               0.000     0.000 r  clk (IN)
                         net (fo=0)                   0.000     0.000    clk
    V18                  IBUF (Prop_ibuf_I_O)         0.251     0.251 r  clk_IBUF_inst/O
                         net (fo=1, routed)           0.634     0.885    clk_IBUF
    BUFGCTRL_X0Y0        BUFG (Prop_bufg_I_O)         0.026     0.911 r  clk_IBUF_BUFG_inst/O
                         net (fo=40, routed)          0.669     1.580    clk_IBUF_BUFG
    SLICE_X0Y132         FDSE                                         r  led_reg[0]/C
  -------------------------------------------------------------------    -------------------
    SLICE_X0Y132         FDSE (Prop_fdse_C_Q)         0.141     1.721 r  led_reg[0]/Q
                         net (fo=3, routed)           0.434     2.156    led_OBUF[0]
    B15                  OBUF (Prop_obuf_I_O)         1.246     3.401 r  led_OBUF[0]_inst/O
                         net (fo=0)                   0.000     3.401    led[0]
    B15                                                               r  led[0] (OUT)
  -------------------------------------------------------------------    -------------------

Slack:                    inf
  Source:                 led_reg[7]/C
                            (rising edge-triggered cell FDRE clocked by sys_clk_pin  {rise@0.000ns fall@5.000ns period=10.000ns})
  Destination:            led[7]
                            (output port)
  Path Group:             (none)
  Path Type:              Min at Fast Process Corner
  Data Path Delay:        1.887ns  (logic 1.462ns (77.465%)  route 0.425ns (22.535%))
  Logic Levels:           1  (OBUF=1)
  Clock Uncertainty:      0.025ns  ((TSJ^2 + TIJ^2)^1/2 + DJ) / 2 + PE
    Total System Jitter     (TSJ):    0.050ns
    Total Input Jitter      (TIJ):    0.000ns
    Discrete Jitter          (DJ):    0.000ns
    Phase Error              (PE):    0.000ns

    Location             Delay type                Incr(ns)  Path(ns)    Netlist Resource(s)
  -------------------------------------------------------------------    -------------------
                         (clock sys_clk_pin rise edge)
                                                      0.000     0.000 r  
    V18                                               0.000     0.000 r  clk (IN)
                         net (fo=0)                   0.000     0.000    clk
    V18                  IBUF (Prop_ibuf_I_O)         0.251     0.251 r  clk_IBUF_inst/O
                         net (fo=1, routed)           0.634     0.885    clk_IBUF
    BUFGCTRL_X0Y0        BUFG (Prop_bufg_I_O)         0.026     0.911 r  clk_IBUF_BUFG_inst/O
                         net (fo=40, routed)          0.668     1.579    clk_IBUF_BUFG
    SLICE_X0Y131         FDRE                                         r  led_reg[7]/C
  -------------------------------------------------------------------    -------------------
    SLICE_X0Y131         FDRE (Prop_fdre_C_Q)         0.128     1.707 r  led_reg[7]/Q
                         net (fo=3, routed)           0.425     2.132    led_OBUF[7]
    A14                  OBUF (Prop_obuf_I_O)         1.334     3.466 r  led_OBUF[7]_inst/O
                         net (fo=0)                   0.000     3.466    led[7]
    A14                                                               r  led[7] (OUT)
  -------------------------------------------------------------------    -------------------





--------------------------------------------------------------------------------------
Path Group:  (none)
From Clock:  
  To Clock:  sys_clk_pin

Max Delay            48 Endpoints
Min Delay            48 Endpoints
--------------------------------------------------------------------------------------


Max Delay Paths
--------------------------------------------------------------------------------------
Slack:                    inf
  Source:                 sw[1]
                            (input port)
  Destination:            count_1hz_reg[28]/R
                            (rising edge-triggered cell FDRE clocked by sys_clk_pin  {rise@0.000ns fall@5.000ns period=10.000ns})
  Path Group:             (none)
  Path Type:              Setup (Max at Slow Process Corner)
  Data Path Delay:        6.488ns  (logic 2.472ns (38.097%)  route 4.016ns (61.903%))
  Logic Levels:           7  (CARRY4=4 IBUF=1 LUT2=1 LUT4=1)
  Clock Path Skew:        5.051ns (DCD - SCD + CPR)
    Destination Clock Delay (DCD):    5.051ns
    Source Clock Delay      (SCD):    0.000ns
    Clock Pessimism Removal (CPR):    0.000ns
  Clock Uncertainty:      0.025ns  ((TSJ^2 + TIJ^2)^1/2 + DJ) / 2 + PE
    Total System Jitter     (TSJ):    0.050ns
    Total Input Jitter      (TIJ):    0.000ns
    Discrete Jitter          (DJ):    0.000ns
    Phase Error              (PE):    0.000ns

    Location             Delay type                Incr(ns)  Path(ns)    Netlist Resource(s)
  -------------------------------------------------------------------    -------------------
    B18                                               0.000     0.000 r  sw[1] (IN)
                         net (fo=0)                   0.000     0.000    sw[1]
    B18                  IBUF (Prop_ibuf_I_O)         1.497     1.497 r  sw_IBUF[1]_inst/O
                         net (fo=22, routed)          1.904     3.401    sw_IBUF[1]
    SLICE_X2Y131         LUT4 (Prop_lut4_I0_O)        0.124     3.525 r  count_1hz[0]_i_36/O
                         net (fo=1, routed)           0.000     3.525    count_1hz[0]_i_36_n_0
    SLICE_X2Y131         CARRY4 (Prop_carry4_S[3]_CO[3])
                                                      0.376     3.901 r  count_1hz_reg[0]_i_23/CO[3]
                         net (fo=1, routed)           0.000     3.901    count_1hz_reg[0]_i_23_n_0
    SLICE_X2Y132         CARRY4 (Prop_carry4_CI_CO[3])
                                                      0.117     4.018 r  count_1hz_reg[0]_i_14/CO[3]
                         net (fo=1, routed)           0.000     4.018    count_1hz_reg[0]_i_14_n_0
    SLICE_X2Y133         CARRY4 (Prop_carry4_CI_CO[3])
                                                      0.117     4.135 r  count_1hz_reg[0]_i_5/CO[3]
                         net (fo=1, routed)           0.000     4.135    count_1hz_reg[0]_i_5_n_0
    SLICE_X2Y134         CARRY4 (Prop_carry4_CI_CO[3])
                                                      0.117     4.252 r  count_1hz_reg[0]_i_3/CO[3]
                         net (fo=1, routed)           0.768     5.020    count_1hz_reg[0]_i_3_n_0
    SLICE_X4Y132         LUT2 (Prop_lut2_I0_O)        0.124     5.144 r  count_1hz[0]_i_1/O
                         net (fo=32, routed)          1.344     6.488    count_1hz[0]_i_1_n_0
    SLICE_X3Y137         FDRE                                         r  count_1hz_reg[28]/R
  -------------------------------------------------------------------    -------------------

                         (clock sys_clk_pin rise edge)
                                                      0.000     0.000 r  
    V18                                               0.000     0.000 r  clk (IN)
                         net (fo=0)                   0.000     0.000    clk
    V18                  IBUF (Prop_ibuf_I_O)         1.413     1.413 r  clk_IBUF_inst/O
                         net (fo=1, routed)           1.868     3.281    clk_IBUF
    BUFGCTRL_X0Y0        BUFG (Prop_bufg_I_O)         0.091     3.372 r  clk_IBUF_BUFG_inst/O
                         net (fo=40, routed)          1.679     5.051    clk_IBUF_BUFG
    SLICE_X3Y137         FDRE                                         r  count_1hz_reg[28]/C

Slack:                    inf
  Source:                 sw[1]
                            (input port)
  Destination:            count_1hz_reg[29]/R
                            (rising edge-triggered cell FDRE clocked by sys_clk_pin  {rise@0.000ns fall@5.000ns period=10.000ns})
  Path Group:             (none)
  Path Type:              Setup (Max at Slow Process Corner)
  Data Path Delay:        6.488ns  (logic 2.472ns (38.097%)  route 4.016ns (61.903%))
  Logic Levels:           7  (CARRY4=4 IBUF=1 LUT2=1 LUT4=1)
  Clock Path Skew:        5.051ns (DCD - SCD + CPR)
    Destination Clock Delay (DCD):    5.051ns
    Source Clock Delay      (SCD):    0.000ns
    Clock Pessimism Removal (CPR):    0.000ns
  Clock Uncertainty:      0.025ns  ((TSJ^2 + TIJ^2)^1/2 + DJ) / 2 + PE
    Total System Jitter     (TSJ):    0.050ns
    Total Input Jitter      (TIJ):    0.000ns
    Discrete Jitter          (DJ):    0.000ns
    Phase Error              (PE):    0.000ns

    Location             Delay type                Incr(ns)  Path(ns)    Netlist Resource(s)
  -------------------------------------------------------------------    -------------------
    B18                                               0.000     0.000 r  sw[1] (IN)
                         net (fo=0)                   0.000     0.000    sw[1]
    B18                  IBUF (Prop_ibuf_I_O)         1.497     1.497 r  sw_IBUF[1]_inst/O
                         net (fo=22, routed)          1.904     3.401    sw_IBUF[1]
    SLICE_X2Y131         LUT4 (Prop_lut4_I0_O)        0.124     3.525 r  count_1hz[0]_i_36/O
                         net (fo=1, routed)           0.000     3.525    count_1hz[0]_i_36_n_0
    SLICE_X2Y131         CARRY4 (Prop_carry4_S[3]_CO[3])
                                                      0.376     3.901 r  count_1hz_reg[0]_i_23/CO[3]
                         net (fo=1, routed)           0.000     3.901    count_1hz_reg[0]_i_23_n_0
    SLICE_X2Y132         CARRY4 (Prop_carry4_CI_CO[3])
                                                      0.117     4.018 r  count_1hz_reg[0]_i_14/CO[3]
                         net (fo=1, routed)           0.000     4.018    count_1hz_reg[0]_i_14_n_0
    SLICE_X2Y133         CARRY4 (Prop_carry4_CI_CO[3])
                                                      0.117     4.135 r  count_1hz_reg[0]_i_5/CO[3]
                         net (fo=1, routed)           0.000     4.135    count_1hz_reg[0]_i_5_n_0
    SLICE_X2Y134         CARRY4 (Prop_carry4_CI_CO[3])
                                                      0.117     4.252 r  count_1hz_reg[0]_i_3/CO[3]
                         net (fo=1, routed)           0.768     5.020    count_1hz_reg[0]_i_3_n_0
    SLICE_X4Y132         LUT2 (Prop_lut2_I0_O)        0.124     5.144 r  count_1hz[0]_i_1/O
                         net (fo=32, routed)          1.344     6.488    count_1hz[0]_i_1_n_0
    SLICE_X3Y137         FDRE                                         r  count_1hz_reg[29]/R
  -------------------------------------------------------------------    -------------------

                         (clock sys_clk_pin rise edge)
                                                      0.000     0.000 r  
    V18                                               0.000     0.000 r  clk (IN)
                         net (fo=0)                   0.000     0.000    clk
    V18                  IBUF (Prop_ibuf_I_O)         1.413     1.413 r  clk_IBUF_inst/O
                         net (fo=1, routed)           1.868     3.281    clk_IBUF
    BUFGCTRL_X0Y0        BUFG (Prop_bufg_I_O)         0.091     3.372 r  clk_IBUF_BUFG_inst/O
                         net (fo=40, routed)          1.679     5.051    clk_IBUF_BUFG
    SLICE_X3Y137         FDRE                                         r  count_1hz_reg[29]/C

Slack:                    inf
  Source:                 sw[1]
                            (input port)
  Destination:            count_1hz_reg[30]/R
                            (rising edge-triggered cell FDRE clocked by sys_clk_pin  {rise@0.000ns fall@5.000ns period=10.000ns})
  Path Group:             (none)
  Path Type:              Setup (Max at Slow Process Corner)
  Data Path Delay:        6.488ns  (logic 2.472ns (38.097%)  route 4.016ns (61.903%))
  Logic Levels:           7  (CARRY4=4 IBUF=1 LUT2=1 LUT4=1)
  Clock Path Skew:        5.051ns (DCD - SCD + CPR)
    Destination Clock Delay (DCD):    5.051ns
    Source Clock Delay      (SCD):    0.000ns
    Clock Pessimism Removal (CPR):    0.000ns
  Clock Uncertainty:      0.025ns  ((TSJ^2 + TIJ^2)^1/2 + DJ) / 2 + PE
    Total System Jitter     (TSJ):    0.050ns
    Total Input Jitter      (TIJ):    0.000ns
    Discrete Jitter          (DJ):    0.000ns
    Phase Error              (PE):    0.000ns

    Location             Delay type                Incr(ns)  Path(ns)    Netlist Resource(s)
  -------------------------------------------------------------------    -------------------
    B18                                               0.000     0.000 r  sw[1] (IN)
                         net (fo=0)                   0.000     0.000    sw[1]
    B18                  IBUF (Prop_ibuf_I_O)         1.497     1.497 r  sw_IBUF[1]_inst/O
                         net (fo=22, routed)          1.904     3.401    sw_IBUF[1]
    SLICE_X2Y131         LUT4 (Prop_lut4_I0_O)        0.124     3.525 r  count_1hz[0]_i_36/O
                         net (fo=1, routed)           0.000     3.525    count_1hz[0]_i_36_n_0
    SLICE_X2Y131         CARRY4 (Prop_carry4_S[3]_CO[3])
                                                      0.376     3.901 r  count_1hz_reg[0]_i_23/CO[3]
                         net (fo=1, routed)           0.000     3.901    count_1hz_reg[0]_i_23_n_0
    SLICE_X2Y132         CARRY4 (Prop_carry4_CI_CO[3])
                                                      0.117     4.018 r  count_1hz_reg[0]_i_14/CO[3]
                         net (fo=1, routed)           0.000     4.018    count_1hz_reg[0]_i_14_n_0
    SLICE_X2Y133         CARRY4 (Prop_carry4_CI_CO[3])
                                                      0.117     4.135 r  count_1hz_reg[0]_i_5/CO[3]
                         net (fo=1, routed)           0.000     4.135    count_1hz_reg[0]_i_5_n_0
    SLICE_X2Y134         CARRY4 (Prop_carry4_CI_CO[3])
                                                      0.117     4.252 r  count_1hz_reg[0]_i_3/CO[3]
                         net (fo=1, routed)           0.768     5.020    count_1hz_reg[0]_i_3_n_0
    SLICE_X4Y132         LUT2 (Prop_lut2_I0_O)        0.124     5.144 r  count_1hz[0]_i_1/O
                         net (fo=32, routed)          1.344     6.488    count_1hz[0]_i_1_n_0
    SLICE_X3Y137         FDRE                                         r  count_1hz_reg[30]/R
  -------------------------------------------------------------------    -------------------

                         (clock sys_clk_pin rise edge)
                                                      0.000     0.000 r  
    V18                                               0.000     0.000 r  clk (IN)
                         net (fo=0)                   0.000     0.000    clk
    V18                  IBUF (Prop_ibuf_I_O)         1.413     1.413 r  clk_IBUF_inst/O
                         net (fo=1, routed)           1.868     3.281    clk_IBUF
    BUFGCTRL_X0Y0        BUFG (Prop_bufg_I_O)         0.091     3.372 r  clk_IBUF_BUFG_inst/O
                         net (fo=40, routed)          1.679     5.051    clk_IBUF_BUFG
    SLICE_X3Y137         FDRE                                         r  count_1hz_reg[30]/C

Slack:                    inf
  Source:                 sw[1]
                            (input port)
  Destination:            count_1hz_reg[31]/R
                            (rising edge-triggered cell FDRE clocked by sys_clk_pin  {rise@0.000ns fall@5.000ns period=10.000ns})
  Path Group:             (none)
  Path Type:              Setup (Max at Slow Process Corner)
  Data Path Delay:        6.488ns  (logic 2.472ns (38.097%)  route 4.016ns (61.903%))
  Logic Levels:           7  (CARRY4=4 IBUF=1 LUT2=1 LUT4=1)
  Clock Path Skew:        5.051ns (DCD - SCD + CPR)
    Destination Clock Delay (DCD):    5.051ns
    Source Clock Delay      (SCD):    0.000ns
    Clock Pessimism Removal (CPR):    0.000ns
  Clock Uncertainty:      0.025ns  ((TSJ^2 + TIJ^2)^1/2 + DJ) / 2 + PE
    Total System Jitter     (TSJ):    0.050ns
    Total Input Jitter      (TIJ):    0.000ns
    Discrete Jitter          (DJ):    0.000ns
    Phase Error              (PE):    0.000ns

    Location             Delay type                Incr(ns)  Path(ns)    Netlist Resource(s)
  -------------------------------------------------------------------    -------------------
    B18                                               0.000     0.000 r  sw[1] (IN)
                         net (fo=0)                   0.000     0.000    sw[1]
    B18                  IBUF (Prop_ibuf_I_O)         1.497     1.497 r  sw_IBUF[1]_inst/O
                         net (fo=22, routed)          1.904     3.401    sw_IBUF[1]
    SLICE_X2Y131         LUT4 (Prop_lut4_I0_O)        0.124     3.525 r  count_1hz[0]_i_36/O
                         net (fo=1, routed)           0.000     3.525    count_1hz[0]_i_36_n_0
    SLICE_X2Y131         CARRY4 (Prop_carry4_S[3]_CO[3])
                                                      0.376     3.901 r  count_1hz_reg[0]_i_23/CO[3]
                         net (fo=1, routed)           0.000     3.901    count_1hz_reg[0]_i_23_n_0
    SLICE_X2Y132         CARRY4 (Prop_carry4_CI_CO[3])
                                                      0.117     4.018 r  count_1hz_reg[0]_i_14/CO[3]
                         net (fo=1, routed)           0.000     4.018    count_1hz_reg[0]_i_14_n_0
    SLICE_X2Y133         CARRY4 (Prop_carry4_CI_CO[3])
                                                      0.117     4.135 r  count_1hz_reg[0]_i_5/CO[3]
                         net (fo=1, routed)           0.000     4.135    count_1hz_reg[0]_i_5_n_0
    SLICE_X2Y134         CARRY4 (Prop_carry4_CI_CO[3])
                                                      0.117     4.252 r  count_1hz_reg[0]_i_3/CO[3]
                         net (fo=1, routed)           0.768     5.020    count_1hz_reg[0]_i_3_n_0
    SLICE_X4Y132         LUT2 (Prop_lut2_I0_O)        0.124     5.144 r  count_1hz[0]_i_1/O
                         net (fo=32, routed)          1.344     6.488    count_1hz[0]_i_1_n_0
    SLICE_X3Y137         FDRE                                         r  count_1hz_reg[31]/R
  -------------------------------------------------------------------    -------------------

                         (clock sys_clk_pin rise edge)
                                                      0.000     0.000 r  
    V18                                               0.000     0.000 r  clk (IN)
                         net (fo=0)                   0.000     0.000    clk
    V18                  IBUF (Prop_ibuf_I_O)         1.413     1.413 r  clk_IBUF_inst/O
                         net (fo=1, routed)           1.868     3.281    clk_IBUF
    BUFGCTRL_X0Y0        BUFG (Prop_bufg_I_O)         0.091     3.372 r  clk_IBUF_BUFG_inst/O
                         net (fo=40, routed)          1.679     5.051    clk_IBUF_BUFG
    SLICE_X3Y137         FDRE                                         r  count_1hz_reg[31]/C

Slack:                    inf
  Source:                 sw[1]
                            (input port)
  Destination:            count_1hz_reg[24]/R
                            (rising edge-triggered cell FDRE clocked by sys_clk_pin  {rise@0.000ns fall@5.000ns period=10.000ns})
  Path Group:             (none)
  Path Type:              Setup (Max at Slow Process Corner)
  Data Path Delay:        6.346ns  (logic 2.472ns (38.949%)  route 3.874ns (61.051%))
  Logic Levels:           7  (CARRY4=4 IBUF=1 LUT2=1 LUT4=1)
  Clock Path Skew:        5.050ns (DCD - SCD + CPR)
    Destination Clock Delay (DCD):    5.050ns
    Source Clock Delay      (SCD):    0.000ns
    Clock Pessimism Removal (CPR):    0.000ns
  Clock Uncertainty:      0.025ns  ((TSJ^2 + TIJ^2)^1/2 + DJ) / 2 + PE
    Total System Jitter     (TSJ):    0.050ns
    Total Input Jitter      (TIJ):    0.000ns
    Discrete Jitter          (DJ):    0.000ns
    Phase Error              (PE):    0.000ns

    Location             Delay type                Incr(ns)  Path(ns)    Netlist Resource(s)
  -------------------------------------------------------------------    -------------------
    B18                                               0.000     0.000 r  sw[1] (IN)
                         net (fo=0)                   0.000     0.000    sw[1]
    B18                  IBUF (Prop_ibuf_I_O)         1.497     1.497 r  sw_IBUF[1]_inst/O
                         net (fo=22, routed)          1.904     3.401    sw_IBUF[1]
    SLICE_X2Y131         LUT4 (Prop_lut4_I0_O)        0.124     3.525 r  count_1hz[0]_i_36/O
                         net (fo=1, routed)           0.000     3.525    count_1hz[0]_i_36_n_0
    SLICE_X2Y131         CARRY4 (Prop_carry4_S[3]_CO[3])
                                                      0.376     3.901 r  count_1hz_reg[0]_i_23/CO[3]
                         net (fo=1, routed)           0.000     3.901    count_1hz_reg[0]_i_23_n_0
    SLICE_X2Y132         CARRY4 (Prop_carry4_CI_CO[3])
                                                      0.117     4.018 r  count_1hz_reg[0]_i_14/CO[3]
                         net (fo=1, routed)           0.000     4.018    count_1hz_reg[0]_i_14_n_0
    SLICE_X2Y133         CARRY4 (Prop_carry4_CI_CO[3])
                                                      0.117     4.135 r  count_1hz_reg[0]_i_5/CO[3]
                         net (fo=1, routed)           0.000     4.135    count_1hz_reg[0]_i_5_n_0
    SLICE_X2Y134         CARRY4 (Prop_carry4_CI_CO[3])
                                                      0.117     4.252 r  count_1hz_reg[0]_i_3/CO[3]
                         net (fo=1, routed)           0.768     5.020    count_1hz_reg[0]_i_3_n_0
    SLICE_X4Y132         LUT2 (Prop_lut2_I0_O)        0.124     5.144 r  count_1hz[0]_i_1/O
                         net (fo=32, routed)          1.202     6.346    count_1hz[0]_i_1_n_0
    SLICE_X3Y136         FDRE                                         r  count_1hz_reg[24]/R
  -------------------------------------------------------------------    -------------------

                         (clock sys_clk_pin rise edge)
                                                      0.000     0.000 r  
    V18                                               0.000     0.000 r  clk (IN)
                         net (fo=0)                   0.000     0.000    clk
    V18                  IBUF (Prop_ibuf_I_O)         1.413     1.413 r  clk_IBUF_inst/O
                         net (fo=1, routed)           1.868     3.281    clk_IBUF
    BUFGCTRL_X0Y0        BUFG (Prop_bufg_I_O)         0.091     3.372 r  clk_IBUF_BUFG_inst/O
                         net (fo=40, routed)          1.678     5.050    clk_IBUF_BUFG
    SLICE_X3Y136         FDRE                                         r  count_1hz_reg[24]/C

Slack:                    inf
  Source:                 sw[1]
                            (input port)
  Destination:            count_1hz_reg[25]/R
                            (rising edge-triggered cell FDRE clocked by sys_clk_pin  {rise@0.000ns fall@5.000ns period=10.000ns})
  Path Group:             (none)
  Path Type:              Setup (Max at Slow Process Corner)
  Data Path Delay:        6.346ns  (logic 2.472ns (38.949%)  route 3.874ns (61.051%))
  Logic Levels:           7  (CARRY4=4 IBUF=1 LUT2=1 LUT4=1)
  Clock Path Skew:        5.050ns (DCD - SCD + CPR)
    Destination Clock Delay (DCD):    5.050ns
    Source Clock Delay      (SCD):    0.000ns
    Clock Pessimism Removal (CPR):    0.000ns
  Clock Uncertainty:      0.025ns  ((TSJ^2 + TIJ^2)^1/2 + DJ) / 2 + PE
    Total System Jitter     (TSJ):    0.050ns
    Total Input Jitter      (TIJ):    0.000ns
    Discrete Jitter          (DJ):    0.000ns
    Phase Error              (PE):    0.000ns

    Location             Delay type                Incr(ns)  Path(ns)    Netlist Resource(s)
  -------------------------------------------------------------------    -------------------
    B18                                               0.000     0.000 r  sw[1] (IN)
                         net (fo=0)                   0.000     0.000    sw[1]
    B18                  IBUF (Prop_ibuf_I_O)         1.497     1.497 r  sw_IBUF[1]_inst/O
                         net (fo=22, routed)          1.904     3.401    sw_IBUF[1]
    SLICE_X2Y131         LUT4 (Prop_lut4_I0_O)        0.124     3.525 r  count_1hz[0]_i_36/O
                         net (fo=1, routed)           0.000     3.525    count_1hz[0]_i_36_n_0
    SLICE_X2Y131         CARRY4 (Prop_carry4_S[3]_CO[3])
                                                      0.376     3.901 r  count_1hz_reg[0]_i_23/CO[3]
                         net (fo=1, routed)           0.000     3.901    count_1hz_reg[0]_i_23_n_0
    SLICE_X2Y132         CARRY4 (Prop_carry4_CI_CO[3])
                                                      0.117     4.018 r  count_1hz_reg[0]_i_14/CO[3]
                         net (fo=1, routed)           0.000     4.018    count_1hz_reg[0]_i_14_n_0
    SLICE_X2Y133         CARRY4 (Prop_carry4_CI_CO[3])
                                                      0.117     4.135 r  count_1hz_reg[0]_i_5/CO[3]
                         net (fo=1, routed)           0.000     4.135    count_1hz_reg[0]_i_5_n_0
    SLICE_X2Y134         CARRY4 (Prop_carry4_CI_CO[3])
                                                      0.117     4.252 r  count_1hz_reg[0]_i_3/CO[3]
                         net (fo=1, routed)           0.768     5.020    count_1hz_reg[0]_i_3_n_0
    SLICE_X4Y132         LUT2 (Prop_lut2_I0_O)        0.124     5.144 r  count_1hz[0]_i_1/O
                         net (fo=32, routed)          1.202     6.346    count_1hz[0]_i_1_n_0
    SLICE_X3Y136         FDRE                                         r  count_1hz_reg[25]/R
  -------------------------------------------------------------------    -------------------

                         (clock sys_clk_pin rise edge)
                                                      0.000     0.000 r  
    V18                                               0.000     0.000 r  clk (IN)
                         net (fo=0)                   0.000     0.000    clk
    V18                  IBUF (Prop_ibuf_I_O)         1.413     1.413 r  clk_IBUF_inst/O
                         net (fo=1, routed)           1.868     3.281    clk_IBUF
    BUFGCTRL_X0Y0        BUFG (Prop_bufg_I_O)         0.091     3.372 r  clk_IBUF_BUFG_inst/O
                         net (fo=40, routed)          1.678     5.050    clk_IBUF_BUFG
    SLICE_X3Y136         FDRE                                         r  count_1hz_reg[25]/C

Slack:                    inf
  Source:                 sw[1]
                            (input port)
  Destination:            count_1hz_reg[26]/R
                            (rising edge-triggered cell FDRE clocked by sys_clk_pin  {rise@0.000ns fall@5.000ns period=10.000ns})
  Path Group:             (none)
  Path Type:              Setup (Max at Slow Process Corner)
  Data Path Delay:        6.346ns  (logic 2.472ns (38.949%)  route 3.874ns (61.051%))
  Logic Levels:           7  (CARRY4=4 IBUF=1 LUT2=1 LUT4=1)
  Clock Path Skew:        5.050ns (DCD - SCD + CPR)
    Destination Clock Delay (DCD):    5.050ns
    Source Clock Delay      (SCD):    0.000ns
    Clock Pessimism Removal (CPR):    0.000ns
  Clock Uncertainty:      0.025ns  ((TSJ^2 + TIJ^2)^1/2 + DJ) / 2 + PE
    Total System Jitter     (TSJ):    0.050ns
    Total Input Jitter      (TIJ):    0.000ns
    Discrete Jitter          (DJ):    0.000ns
    Phase Error              (PE):    0.000ns

    Location             Delay type                Incr(ns)  Path(ns)    Netlist Resource(s)
  -------------------------------------------------------------------    -------------------
    B18                                               0.000     0.000 r  sw[1] (IN)
                         net (fo=0)                   0.000     0.000    sw[1]
    B18                  IBUF (Prop_ibuf_I_O)         1.497     1.497 r  sw_IBUF[1]_inst/O
                         net (fo=22, routed)          1.904     3.401    sw_IBUF[1]
    SLICE_X2Y131         LUT4 (Prop_lut4_I0_O)        0.124     3.525 r  count_1hz[0]_i_36/O
                         net (fo=1, routed)           0.000     3.525    count_1hz[0]_i_36_n_0
    SLICE_X2Y131         CARRY4 (Prop_carry4_S[3]_CO[3])
                                                      0.376     3.901 r  count_1hz_reg[0]_i_23/CO[3]
                         net (fo=1, routed)           0.000     3.901    count_1hz_reg[0]_i_23_n_0
    SLICE_X2Y132         CARRY4 (Prop_carry4_CI_CO[3])
                                                      0.117     4.018 r  count_1hz_reg[0]_i_14/CO[3]
                         net (fo=1, routed)           0.000     4.018    count_1hz_reg[0]_i_14_n_0
    SLICE_X2Y133         CARRY4 (Prop_carry4_CI_CO[3])
                                                      0.117     4.135 r  count_1hz_reg[0]_i_5/CO[3]
                         net (fo=1, routed)           0.000     4.135    count_1hz_reg[0]_i_5_n_0
    SLICE_X2Y134         CARRY4 (Prop_carry4_CI_CO[3])
                                                      0.117     4.252 r  count_1hz_reg[0]_i_3/CO[3]
                         net (fo=1, routed)           0.768     5.020    count_1hz_reg[0]_i_3_n_0
    SLICE_X4Y132         LUT2 (Prop_lut2_I0_O)        0.124     5.144 r  count_1hz[0]_i_1/O
                         net (fo=32, routed)          1.202     6.346    count_1hz[0]_i_1_n_0
    SLICE_X3Y136         FDRE                                         r  count_1hz_reg[26]/R
  -------------------------------------------------------------------    -------------------

                         (clock sys_clk_pin rise edge)
                                                      0.000     0.000 r  
    V18                                               0.000     0.000 r  clk (IN)
                         net (fo=0)                   0.000     0.000    clk
    V18                  IBUF (Prop_ibuf_I_O)         1.413     1.413 r  clk_IBUF_inst/O
                         net (fo=1, routed)           1.868     3.281    clk_IBUF
    BUFGCTRL_X0Y0        BUFG (Prop_bufg_I_O)         0.091     3.372 r  clk_IBUF_BUFG_inst/O
                         net (fo=40, routed)          1.678     5.050    clk_IBUF_BUFG
    SLICE_X3Y136         FDRE                                         r  count_1hz_reg[26]/C

Slack:                    inf
  Source:                 sw[1]
                            (input port)
  Destination:            count_1hz_reg[27]/R
                            (rising edge-triggered cell FDRE clocked by sys_clk_pin  {rise@0.000ns fall@5.000ns period=10.000ns})
  Path Group:             (none)
  Path Type:              Setup (Max at Slow Process Corner)
  Data Path Delay:        6.346ns  (logic 2.472ns (38.949%)  route 3.874ns (61.051%))
  Logic Levels:           7  (CARRY4=4 IBUF=1 LUT2=1 LUT4=1)
  Clock Path Skew:        5.050ns (DCD - SCD + CPR)
    Destination Clock Delay (DCD):    5.050ns
    Source Clock Delay      (SCD):    0.000ns
    Clock Pessimism Removal (CPR):    0.000ns
  Clock Uncertainty:      0.025ns  ((TSJ^2 + TIJ^2)^1/2 + DJ) / 2 + PE
    Total System Jitter     (TSJ):    0.050ns
    Total Input Jitter      (TIJ):    0.000ns
    Discrete Jitter          (DJ):    0.000ns
    Phase Error              (PE):    0.000ns

    Location             Delay type                Incr(ns)  Path(ns)    Netlist Resource(s)
  -------------------------------------------------------------------    -------------------
    B18                                               0.000     0.000 r  sw[1] (IN)
                         net (fo=0)                   0.000     0.000    sw[1]
    B18                  IBUF (Prop_ibuf_I_O)         1.497     1.497 r  sw_IBUF[1]_inst/O
                         net (fo=22, routed)          1.904     3.401    sw_IBUF[1]
    SLICE_X2Y131         LUT4 (Prop_lut4_I0_O)        0.124     3.525 r  count_1hz[0]_i_36/O
                         net (fo=1, routed)           0.000     3.525    count_1hz[0]_i_36_n_0
    SLICE_X2Y131         CARRY4 (Prop_carry4_S[3]_CO[3])
                                                      0.376     3.901 r  count_1hz_reg[0]_i_23/CO[3]
                         net (fo=1, routed)           0.000     3.901    count_1hz_reg[0]_i_23_n_0
    SLICE_X2Y132         CARRY4 (Prop_carry4_CI_CO[3])
                                                      0.117     4.018 r  count_1hz_reg[0]_i_14/CO[3]
                         net (fo=1, routed)           0.000     4.018    count_1hz_reg[0]_i_14_n_0
    SLICE_X2Y133         CARRY4 (Prop_carry4_CI_CO[3])
                                                      0.117     4.135 r  count_1hz_reg[0]_i_5/CO[3]
                         net (fo=1, routed)           0.000     4.135    count_1hz_reg[0]_i_5_n_0
    SLICE_X2Y134         CARRY4 (Prop_carry4_CI_CO[3])
                                                      0.117     4.252 r  count_1hz_reg[0]_i_3/CO[3]
                         net (fo=1, routed)           0.768     5.020    count_1hz_reg[0]_i_3_n_0
    SLICE_X4Y132         LUT2 (Prop_lut2_I0_O)        0.124     5.144 r  count_1hz[0]_i_1/O
                         net (fo=32, routed)          1.202     6.346    count_1hz[0]_i_1_n_0
    SLICE_X3Y136         FDRE                                         r  count_1hz_reg[27]/R
  -------------------------------------------------------------------    -------------------

                         (clock sys_clk_pin rise edge)
                                                      0.000     0.000 r  
    V18                                               0.000     0.000 r  clk (IN)
                         net (fo=0)                   0.000     0.000    clk
    V18                  IBUF (Prop_ibuf_I_O)         1.413     1.413 r  clk_IBUF_inst/O
                         net (fo=1, routed)           1.868     3.281    clk_IBUF
    BUFGCTRL_X0Y0        BUFG (Prop_bufg_I_O)         0.091     3.372 r  clk_IBUF_BUFG_inst/O
                         net (fo=40, routed)          1.678     5.050    clk_IBUF_BUFG
    SLICE_X3Y136         FDRE                                         r  count_1hz_reg[27]/C

Slack:                    inf
  Source:                 sw[1]
                            (input port)
  Destination:            count_1hz_reg[20]/R
                            (rising edge-triggered cell FDRE clocked by sys_clk_pin  {rise@0.000ns fall@5.000ns period=10.000ns})
  Path Group:             (none)
  Path Type:              Setup (Max at Slow Process Corner)
  Data Path Delay:        6.194ns  (logic 2.472ns (39.903%)  route 3.723ns (60.097%))
  Logic Levels:           7  (CARRY4=4 IBUF=1 LUT2=1 LUT4=1)
  Clock Path Skew:        5.050ns (DCD - SCD + CPR)
    Destination Clock Delay (DCD):    5.050ns
    Source Clock Delay      (SCD):    0.000ns
    Clock Pessimism Removal (CPR):    0.000ns
  Clock Uncertainty:      0.025ns  ((TSJ^2 + TIJ^2)^1/2 + DJ) / 2 + PE
    Total System Jitter     (TSJ):    0.050ns
    Total Input Jitter      (TIJ):    0.000ns
    Discrete Jitter          (DJ):    0.000ns
    Phase Error              (PE):    0.000ns

    Location             Delay type                Incr(ns)  Path(ns)    Netlist Resource(s)
  -------------------------------------------------------------------    -------------------
    B18                                               0.000     0.000 r  sw[1] (IN)
                         net (fo=0)                   0.000     0.000    sw[1]
    B18                  IBUF (Prop_ibuf_I_O)         1.497     1.497 r  sw_IBUF[1]_inst/O
                         net (fo=22, routed)          1.904     3.401    sw_IBUF[1]
    SLICE_X2Y131         LUT4 (Prop_lut4_I0_O)        0.124     3.525 r  count_1hz[0]_i_36/O
                         net (fo=1, routed)           0.000     3.525    count_1hz[0]_i_36_n_0
    SLICE_X2Y131         CARRY4 (Prop_carry4_S[3]_CO[3])
                                                      0.376     3.901 r  count_1hz_reg[0]_i_23/CO[3]
                         net (fo=1, routed)           0.000     3.901    count_1hz_reg[0]_i_23_n_0
    SLICE_X2Y132         CARRY4 (Prop_carry4_CI_CO[3])
                                                      0.117     4.018 r  count_1hz_reg[0]_i_14/CO[3]
                         net (fo=1, routed)           0.000     4.018    count_1hz_reg[0]_i_14_n_0
    SLICE_X2Y133         CARRY4 (Prop_carry4_CI_CO[3])
                                                      0.117     4.135 r  count_1hz_reg[0]_i_5/CO[3]
                         net (fo=1, routed)           0.000     4.135    count_1hz_reg[0]_i_5_n_0
    SLICE_X2Y134         CARRY4 (Prop_carry4_CI_CO[3])
                                                      0.117     4.252 r  count_1hz_reg[0]_i_3/CO[3]
                         net (fo=1, routed)           0.768     5.020    count_1hz_reg[0]_i_3_n_0
    SLICE_X4Y132         LUT2 (Prop_lut2_I0_O)        0.124     5.144 r  count_1hz[0]_i_1/O
                         net (fo=32, routed)          1.050     6.194    count_1hz[0]_i_1_n_0
    SLICE_X3Y135         FDRE                                         r  count_1hz_reg[20]/R
  -------------------------------------------------------------------    -------------------

                         (clock sys_clk_pin rise edge)
                                                      0.000     0.000 r  
    V18                                               0.000     0.000 r  clk (IN)
                         net (fo=0)                   0.000     0.000    clk
    V18                  IBUF (Prop_ibuf_I_O)         1.413     1.413 r  clk_IBUF_inst/O
                         net (fo=1, routed)           1.868     3.281    clk_IBUF
    BUFGCTRL_X0Y0        BUFG (Prop_bufg_I_O)         0.091     3.372 r  clk_IBUF_BUFG_inst/O
                         net (fo=40, routed)          1.678     5.050    clk_IBUF_BUFG
    SLICE_X3Y135         FDRE                                         r  count_1hz_reg[20]/C

Slack:                    inf
  Source:                 sw[1]
                            (input port)
  Destination:            count_1hz_reg[21]/R
                            (rising edge-triggered cell FDRE clocked by sys_clk_pin  {rise@0.000ns fall@5.000ns period=10.000ns})
  Path Group:             (none)
  Path Type:              Setup (Max at Slow Process Corner)
  Data Path Delay:        6.194ns  (logic 2.472ns (39.903%)  route 3.723ns (60.097%))
  Logic Levels:           7  (CARRY4=4 IBUF=1 LUT2=1 LUT4=1)
  Clock Path Skew:        5.050ns (DCD - SCD + CPR)
    Destination Clock Delay (DCD):    5.050ns
    Source Clock Delay      (SCD):    0.000ns
    Clock Pessimism Removal (CPR):    0.000ns
  Clock Uncertainty:      0.025ns  ((TSJ^2 + TIJ^2)^1/2 + DJ) / 2 + PE
    Total System Jitter     (TSJ):    0.050ns
    Total Input Jitter      (TIJ):    0.000ns
    Discrete Jitter          (DJ):    0.000ns
    Phase Error              (PE):    0.000ns

    Location             Delay type                Incr(ns)  Path(ns)    Netlist Resource(s)
  -------------------------------------------------------------------    -------------------
    B18                                               0.000     0.000 r  sw[1] (IN)
                         net (fo=0)                   0.000     0.000    sw[1]
    B18                  IBUF (Prop_ibuf_I_O)         1.497     1.497 r  sw_IBUF[1]_inst/O
                         net (fo=22, routed)          1.904     3.401    sw_IBUF[1]
    SLICE_X2Y131         LUT4 (Prop_lut4_I0_O)        0.124     3.525 r  count_1hz[0]_i_36/O
                         net (fo=1, routed)           0.000     3.525    count_1hz[0]_i_36_n_0
    SLICE_X2Y131         CARRY4 (Prop_carry4_S[3]_CO[3])
                                                      0.376     3.901 r  count_1hz_reg[0]_i_23/CO[3]
                         net (fo=1, routed)           0.000     3.901    count_1hz_reg[0]_i_23_n_0
    SLICE_X2Y132         CARRY4 (Prop_carry4_CI_CO[3])
                                                      0.117     4.018 r  count_1hz_reg[0]_i_14/CO[3]
                         net (fo=1, routed)           0.000     4.018    count_1hz_reg[0]_i_14_n_0
    SLICE_X2Y133         CARRY4 (Prop_carry4_CI_CO[3])
                                                      0.117     4.135 r  count_1hz_reg[0]_i_5/CO[3]
                         net (fo=1, routed)           0.000     4.135    count_1hz_reg[0]_i_5_n_0
    SLICE_X2Y134         CARRY4 (Prop_carry4_CI_CO[3])
                                                      0.117     4.252 r  count_1hz_reg[0]_i_3/CO[3]
                         net (fo=1, routed)           0.768     5.020    count_1hz_reg[0]_i_3_n_0
    SLICE_X4Y132         LUT2 (Prop_lut2_I0_O)        0.124     5.144 r  count_1hz[0]_i_1/O
                         net (fo=32, routed)          1.050     6.194    count_1hz[0]_i_1_n_0
    SLICE_X3Y135         FDRE                                         r  count_1hz_reg[21]/R
  -------------------------------------------------------------------    -------------------

                         (clock sys_clk_pin rise edge)
                                                      0.000     0.000 r  
    V18                                               0.000     0.000 r  clk (IN)
                         net (fo=0)                   0.000     0.000    clk
    V18                  IBUF (Prop_ibuf_I_O)         1.413     1.413 r  clk_IBUF_inst/O
                         net (fo=1, routed)           1.868     3.281    clk_IBUF
    BUFGCTRL_X0Y0        BUFG (Prop_bufg_I_O)         0.091     3.372 r  clk_IBUF_BUFG_inst/O
                         net (fo=40, routed)          1.678     5.050    clk_IBUF_BUFG
    SLICE_X3Y135         FDRE                                         r  count_1hz_reg[21]/C





Min Delay Paths
--------------------------------------------------------------------------------------
Slack:                    inf
  Source:                 sw[7]
                            (input port)
  Destination:            led_reg[2]/D
                            (rising edge-triggered cell FDRE clocked by sys_clk_pin  {rise@0.000ns fall@5.000ns period=10.000ns})
  Path Group:             (none)
  Path Type:              Hold (Min at Fast Process Corner)
  Data Path Delay:        1.027ns  (logic 0.309ns (30.062%)  route 0.718ns (69.938%))
  Logic Levels:           2  (IBUF=1 LUT3=1)
  Clock Path Skew:        2.099ns (DCD - SCD - CPR)
    Destination Clock Delay (DCD):    2.099ns
    Source Clock Delay      (SCD):    0.000ns
    Clock Pessimism Removal (CPR):    -0.000ns

    Location             Delay type                Incr(ns)  Path(ns)    Netlist Resource(s)
  -------------------------------------------------------------------    -------------------
    D19                                               0.000     0.000 r  sw[7] (IN)
                         net (fo=0)                   0.000     0.000    sw[7]
    D19                  IBUF (Prop_ibuf_I_O)         0.264     0.264 r  sw_IBUF[7]_inst/O
                         net (fo=8, routed)           0.718     0.982    sw_IBUF[7]
    SLICE_X0Y132         LUT3 (Prop_lut3_I1_O)        0.045     1.027 r  led[2]_i_1/O
                         net (fo=1, routed)           0.000     1.027    p_0_in[2]
    SLICE_X0Y132         FDRE                                         r  led_reg[2]/D
  -------------------------------------------------------------------    -------------------

                         (clock sys_clk_pin rise edge)
                                                      0.000     0.000 r  
    V18                                               0.000     0.000 r  clk (IN)
                         net (fo=0)                   0.000     0.000    clk
    V18                  IBUF (Prop_ibuf_I_O)         0.439     0.439 r  clk_IBUF_inst/O
                         net (fo=1, routed)           0.689     1.127    clk_IBUF
    BUFGCTRL_X0Y0        BUFG (Prop_bufg_I_O)         0.029     1.156 r  clk_IBUF_BUFG_inst/O
                         net (fo=40, routed)          0.942     2.099    clk_IBUF_BUFG
    SLICE_X0Y132         FDRE                                         r  led_reg[2]/C

Slack:                    inf
  Source:                 sw[7]
                            (input port)
  Destination:            led_reg[4]/D
                            (rising edge-triggered cell FDRE clocked by sys_clk_pin  {rise@0.000ns fall@5.000ns period=10.000ns})
  Path Group:             (none)
  Path Type:              Hold (Min at Fast Process Corner)
  Data Path Delay:        1.027ns  (logic 0.309ns (30.062%)  route 0.718ns (69.938%))
  Logic Levels:           2  (IBUF=1 LUT3=1)
  Clock Path Skew:        2.099ns (DCD - SCD - CPR)
    Destination Clock Delay (DCD):    2.099ns
    Source Clock Delay      (SCD):    0.000ns
    Clock Pessimism Removal (CPR):    -0.000ns

    Location             Delay type                Incr(ns)  Path(ns)    Netlist Resource(s)
  -------------------------------------------------------------------    -------------------
    D19                                               0.000     0.000 r  sw[7] (IN)
                         net (fo=0)                   0.000     0.000    sw[7]
    D19                  IBUF (Prop_ibuf_I_O)         0.264     0.264 r  sw_IBUF[7]_inst/O
                         net (fo=8, routed)           0.718     0.982    sw_IBUF[7]
    SLICE_X0Y132         LUT3 (Prop_lut3_I1_O)        0.045     1.027 r  led[4]_i_1/O
                         net (fo=1, routed)           0.000     1.027    p_0_in[4]
    SLICE_X0Y132         FDRE                                         r  led_reg[4]/D
  -------------------------------------------------------------------    -------------------

                         (clock sys_clk_pin rise edge)
                                                      0.000     0.000 r  
    V18                                               0.000     0.000 r  clk (IN)
                         net (fo=0)                   0.000     0.000    clk
    V18                  IBUF (Prop_ibuf_I_O)         0.439     0.439 r  clk_IBUF_inst/O
                         net (fo=1, routed)           0.689     1.127    clk_IBUF
    BUFGCTRL_X0Y0        BUFG (Prop_bufg_I_O)         0.029     1.156 r  clk_IBUF_BUFG_inst/O
                         net (fo=40, routed)          0.942     2.099    clk_IBUF_BUFG
    SLICE_X0Y132         FDRE                                         r  led_reg[4]/C

Slack:                    inf
  Source:                 sw[7]
                            (input port)
  Destination:            led_reg[0]/D
                            (rising edge-triggered cell FDSE clocked by sys_clk_pin  {rise@0.000ns fall@5.000ns period=10.000ns})
  Path Group:             (none)
  Path Type:              Hold (Min at Fast Process Corner)
  Data Path Delay:        1.033ns  (logic 0.309ns (29.872%)  route 0.725ns (70.128%))
  Logic Levels:           2  (IBUF=1 LUT3=1)
  Clock Path Skew:        2.099ns (DCD - SCD - CPR)
    Destination Clock Delay (DCD):    2.099ns
    Source Clock Delay      (SCD):    0.000ns
    Clock Pessimism Removal (CPR):    -0.000ns

    Location             Delay type                Incr(ns)  Path(ns)    Netlist Resource(s)
  -------------------------------------------------------------------    -------------------
    D19                                               0.000     0.000 r  sw[7] (IN)
                         net (fo=0)                   0.000     0.000    sw[7]
    D19                  IBUF (Prop_ibuf_I_O)         0.264     0.264 r  sw_IBUF[7]_inst/O
                         net (fo=8, routed)           0.725     0.988    sw_IBUF[7]
    SLICE_X0Y132         LUT3 (Prop_lut3_I1_O)        0.045     1.033 r  led[0]_i_1/O
                         net (fo=1, routed)           0.000     1.033    p_0_in[0]
    SLICE_X0Y132         FDSE                                         r  led_reg[0]/D
  -------------------------------------------------------------------    -------------------

                         (clock sys_clk_pin rise edge)
                                                      0.000     0.000 r  
    V18                                               0.000     0.000 r  clk (IN)
                         net (fo=0)                   0.000     0.000    clk
    V18                  IBUF (Prop_ibuf_I_O)         0.439     0.439 r  clk_IBUF_inst/O
                         net (fo=1, routed)           0.689     1.127    clk_IBUF
    BUFGCTRL_X0Y0        BUFG (Prop_bufg_I_O)         0.029     1.156 r  clk_IBUF_BUFG_inst/O
                         net (fo=40, routed)          0.942     2.099    clk_IBUF_BUFG
    SLICE_X0Y132         FDSE                                         r  led_reg[0]/C

Slack:                    inf
  Source:                 sw[7]
                            (input port)
  Destination:            led_reg[1]/D
                            (rising edge-triggered cell FDRE clocked by sys_clk_pin  {rise@0.000ns fall@5.000ns period=10.000ns})
  Path Group:             (none)
  Path Type:              Hold (Min at Fast Process Corner)
  Data Path Delay:        1.036ns  (logic 0.309ns (29.795%)  route 0.727ns (70.205%))
  Logic Levels:           2  (IBUF=1 LUT3=1)
  Clock Path Skew:        2.099ns (DCD - SCD - CPR)
    Destination Clock Delay (DCD):    2.099ns
    Source Clock Delay      (SCD):    0.000ns
    Clock Pessimism Removal (CPR):    -0.000ns

    Location             Delay type                Incr(ns)  Path(ns)    Netlist Resource(s)
  -------------------------------------------------------------------    -------------------
    D19                                               0.000     0.000 r  sw[7] (IN)
                         net (fo=0)                   0.000     0.000    sw[7]
    D19                  IBUF (Prop_ibuf_I_O)         0.264     0.264 r  sw_IBUF[7]_inst/O
                         net (fo=8, routed)           0.727     0.991    sw_IBUF[7]
    SLICE_X0Y132         LUT3 (Prop_lut3_I1_O)        0.045     1.036 r  led[1]_i_1/O
                         net (fo=1, routed)           0.000     1.036    p_0_in[1]
    SLICE_X0Y132         FDRE                                         r  led_reg[1]/D
  -------------------------------------------------------------------    -------------------

                         (clock sys_clk_pin rise edge)
                                                      0.000     0.000 r  
    V18                                               0.000     0.000 r  clk (IN)
                         net (fo=0)                   0.000     0.000    clk
    V18                  IBUF (Prop_ibuf_I_O)         0.439     0.439 r  clk_IBUF_inst/O
                         net (fo=1, routed)           0.689     1.127    clk_IBUF
    BUFGCTRL_X0Y0        BUFG (Prop_bufg_I_O)         0.029     1.156 r  clk_IBUF_BUFG_inst/O
                         net (fo=40, routed)          0.942     2.099    clk_IBUF_BUFG
    SLICE_X0Y132         FDRE                                         r  led_reg[1]/C

Slack:                    inf
  Source:                 sw[7]
                            (input port)
  Destination:            led_reg[3]/D
                            (rising edge-triggered cell FDRE clocked by sys_clk_pin  {rise@0.000ns fall@5.000ns period=10.000ns})
  Path Group:             (none)
  Path Type:              Hold (Min at Fast Process Corner)
  Data Path Delay:        1.037ns  (logic 0.310ns (29.862%)  route 0.727ns (70.138%))
  Logic Levels:           2  (IBUF=1 LUT3=1)
  Clock Path Skew:        2.099ns (DCD - SCD - CPR)
    Destination Clock Delay (DCD):    2.099ns
    Source Clock Delay      (SCD):    0.000ns
    Clock Pessimism Removal (CPR):    -0.000ns

    Location             Delay type                Incr(ns)  Path(ns)    Netlist Resource(s)
  -------------------------------------------------------------------    -------------------
    D19                                               0.000     0.000 r  sw[7] (IN)
                         net (fo=0)                   0.000     0.000    sw[7]
    D19                  IBUF (Prop_ibuf_I_O)         0.264     0.264 r  sw_IBUF[7]_inst/O
                         net (fo=8, routed)           0.727     0.991    sw_IBUF[7]
    SLICE_X0Y132         LUT3 (Prop_lut3_I1_O)        0.046     1.037 r  led[3]_i_1/O
                         net (fo=1, routed)           0.000     1.037    p_0_in[3]
    SLICE_X0Y132         FDRE                                         r  led_reg[3]/D
  -------------------------------------------------------------------    -------------------

                         (clock sys_clk_pin rise edge)
                                                      0.000     0.000 r  
    V18                                               0.000     0.000 r  clk (IN)
                         net (fo=0)                   0.000     0.000    clk
    V18                  IBUF (Prop_ibuf_I_O)         0.439     0.439 r  clk_IBUF_inst/O
                         net (fo=1, routed)           0.689     1.127    clk_IBUF
    BUFGCTRL_X0Y0        BUFG (Prop_bufg_I_O)         0.029     1.156 r  clk_IBUF_BUFG_inst/O
                         net (fo=40, routed)          0.942     2.099    clk_IBUF_BUFG
    SLICE_X0Y132         FDRE                                         r  led_reg[3]/C

Slack:                    inf
  Source:                 sw[7]
                            (input port)
  Destination:            led_reg[6]/D
                            (rising edge-triggered cell FDRE clocked by sys_clk_pin  {rise@0.000ns fall@5.000ns period=10.000ns})
  Path Group:             (none)
  Path Type:              Hold (Min at Fast Process Corner)
  Data Path Delay:        1.039ns  (logic 0.309ns (29.714%)  route 0.730ns (70.286%))
  Logic Levels:           2  (IBUF=1 LUT3=1)
  Clock Path Skew:        2.098ns (DCD - SCD - CPR)
    Destination Clock Delay (DCD):    2.098ns
    Source Clock Delay      (SCD):    0.000ns
    Clock Pessimism Removal (CPR):    -0.000ns

    Location             Delay type                Incr(ns)  Path(ns)    Netlist Resource(s)
  -------------------------------------------------------------------    -------------------
    D19                                               0.000     0.000 r  sw[7] (IN)
                         net (fo=0)                   0.000     0.000    sw[7]
    D19                  IBUF (Prop_ibuf_I_O)         0.264     0.264 r  sw_IBUF[7]_inst/O
                         net (fo=8, routed)           0.730     0.994    sw_IBUF[7]
    SLICE_X0Y131         LUT3 (Prop_lut3_I1_O)        0.045     1.039 r  led[6]_i_1/O
                         net (fo=1, routed)           0.000     1.039    p_0_in[6]
    SLICE_X0Y131         FDRE                                         r  led_reg[6]/D
  -------------------------------------------------------------------    -------------------

                         (clock sys_clk_pin rise edge)
                                                      0.000     0.000 r  
    V18                                               0.000     0.000 r  clk (IN)
                         net (fo=0)                   0.000     0.000    clk
    V18                  IBUF (Prop_ibuf_I_O)         0.439     0.439 r  clk_IBUF_inst/O
                         net (fo=1, routed)           0.689     1.127    clk_IBUF
    BUFGCTRL_X0Y0        BUFG (Prop_bufg_I_O)         0.029     1.156 r  clk_IBUF_BUFG_inst/O
                         net (fo=40, routed)          0.941     2.098    clk_IBUF_BUFG
    SLICE_X0Y131         FDRE                                         r  led_reg[6]/C

Slack:                    inf
  Source:                 sw[7]
                            (input port)
  Destination:            led_reg[7]/D
                            (rising edge-triggered cell FDRE clocked by sys_clk_pin  {rise@0.000ns fall@5.000ns period=10.000ns})
  Path Group:             (none)
  Path Type:              Hold (Min at Fast Process Corner)
  Data Path Delay:        1.048ns  (logic 0.308ns (29.357%)  route 0.740ns (70.643%))
  Logic Levels:           2  (IBUF=1 LUT3=1)
  Clock Path Skew:        2.098ns (DCD - SCD - CPR)
    Destination Clock Delay (DCD):    2.098ns
    Source Clock Delay      (SCD):    0.000ns
    Clock Pessimism Removal (CPR):    -0.000ns

    Location             Delay type                Incr(ns)  Path(ns)    Netlist Resource(s)
  -------------------------------------------------------------------    -------------------
    D19                                               0.000     0.000 r  sw[7] (IN)
                         net (fo=0)                   0.000     0.000    sw[7]
    D19                  IBUF (Prop_ibuf_I_O)         0.264     0.264 r  sw_IBUF[7]_inst/O
                         net (fo=8, routed)           0.740     1.004    sw_IBUF[7]
    SLICE_X0Y131         LUT3 (Prop_lut3_I1_O)        0.044     1.048 r  led[7]_i_2/O
                         net (fo=1, routed)           0.000     1.048    p_0_in[7]
    SLICE_X0Y131         FDRE                                         r  led_reg[7]/D
  -------------------------------------------------------------------    -------------------

                         (clock sys_clk_pin rise edge)
                                                      0.000     0.000 r  
    V18                                               0.000     0.000 r  clk (IN)
                         net (fo=0)                   0.000     0.000    clk
    V18                  IBUF (Prop_ibuf_I_O)         0.439     0.439 r  clk_IBUF_inst/O
                         net (fo=1, routed)           0.689     1.127    clk_IBUF
    BUFGCTRL_X0Y0        BUFG (Prop_bufg_I_O)         0.029     1.156 r  clk_IBUF_BUFG_inst/O
                         net (fo=40, routed)          0.941     2.098    clk_IBUF_BUFG
    SLICE_X0Y131         FDRE                                         r  led_reg[7]/C

Slack:                    inf
  Source:                 sw[7]
                            (input port)
  Destination:            led_reg[5]/D
                            (rising edge-triggered cell FDRE clocked by sys_clk_pin  {rise@0.000ns fall@5.000ns period=10.000ns})
  Path Group:             (none)
  Path Type:              Hold (Min at Fast Process Corner)
  Data Path Delay:        1.049ns  (logic 0.309ns (29.424%)  route 0.740ns (70.576%))
  Logic Levels:           2  (IBUF=1 LUT3=1)
  Clock Path Skew:        2.098ns (DCD - SCD - CPR)
    Destination Clock Delay (DCD):    2.098ns
    Source Clock Delay      (SCD):    0.000ns
    Clock Pessimism Removal (CPR):    -0.000ns

    Location             Delay type                Incr(ns)  Path(ns)    Netlist Resource(s)
  -------------------------------------------------------------------    -------------------
    D19                                               0.000     0.000 r  sw[7] (IN)
                         net (fo=0)                   0.000     0.000    sw[7]
    D19                  IBUF (Prop_ibuf_I_O)         0.264     0.264 r  sw_IBUF[7]_inst/O
                         net (fo=8, routed)           0.740     1.004    sw_IBUF[7]
    SLICE_X0Y131         LUT3 (Prop_lut3_I1_O)        0.045     1.049 r  led[5]_i_1/O
                         net (fo=1, routed)           0.000     1.049    p_0_in[5]
    SLICE_X0Y131         FDRE                                         r  led_reg[5]/D
  -------------------------------------------------------------------    -------------------

                         (clock sys_clk_pin rise edge)
                                                      0.000     0.000 r  
    V18                                               0.000     0.000 r  clk (IN)
                         net (fo=0)                   0.000     0.000    clk
    V18                  IBUF (Prop_ibuf_I_O)         0.439     0.439 r  clk_IBUF_inst/O
                         net (fo=1, routed)           0.689     1.127    clk_IBUF
    BUFGCTRL_X0Y0        BUFG (Prop_bufg_I_O)         0.029     1.156 r  clk_IBUF_BUFG_inst/O
                         net (fo=40, routed)          0.941     2.098    clk_IBUF_BUFG
    SLICE_X0Y131         FDRE                                         r  led_reg[5]/C

Slack:                    inf
  Source:                 btn
                            (input port)
  Destination:            led_reg[5]/R
                            (rising edge-triggered cell FDRE clocked by sys_clk_pin  {rise@0.000ns fall@5.000ns period=10.000ns})
  Path Group:             (none)
  Path Type:              Hold (Min at Fast Process Corner)
  Data Path Delay:        1.058ns  (logic 0.256ns (24.204%)  route 0.802ns (75.796%))
  Logic Levels:           1  (IBUF=1)
  Clock Path Skew:        2.098ns (DCD - SCD - CPR)
    Destination Clock Delay (DCD):    2.098ns
    Source Clock Delay      (SCD):    0.000ns
    Clock Pessimism Removal (CPR):    -0.000ns

    Location             Delay type                Incr(ns)  Path(ns)    Netlist Resource(s)
  -------------------------------------------------------------------    -------------------
    F20                                               0.000     0.000 r  btn (IN)
                         net (fo=0)                   0.000     0.000    btn
    F20                  IBUF (Prop_ibuf_I_O)         0.256     0.256 r  btn_IBUF_inst/O
                         net (fo=9, routed)           0.802     1.058    btn_IBUF
    SLICE_X0Y131         FDRE                                         r  led_reg[5]/R
  -------------------------------------------------------------------    -------------------

                         (clock sys_clk_pin rise edge)
                                                      0.000     0.000 r  
    V18                                               0.000     0.000 r  clk (IN)
                         net (fo=0)                   0.000     0.000    clk
    V18                  IBUF (Prop_ibuf_I_O)         0.439     0.439 r  clk_IBUF_inst/O
                         net (fo=1, routed)           0.689     1.127    clk_IBUF
    BUFGCTRL_X0Y0        BUFG (Prop_bufg_I_O)         0.029     1.156 r  clk_IBUF_BUFG_inst/O
                         net (fo=40, routed)          0.941     2.098    clk_IBUF_BUFG
    SLICE_X0Y131         FDRE                                         r  led_reg[5]/C

Slack:                    inf
  Source:                 btn
                            (input port)
  Destination:            led_reg[6]/R
                            (rising edge-triggered cell FDRE clocked by sys_clk_pin  {rise@0.000ns fall@5.000ns period=10.000ns})
  Path Group:             (none)
  Path Type:              Hold (Min at Fast Process Corner)
  Data Path Delay:        1.058ns  (logic 0.256ns (24.204%)  route 0.802ns (75.796%))
  Logic Levels:           1  (IBUF=1)
  Clock Path Skew:        2.098ns (DCD - SCD - CPR)
    Destination Clock Delay (DCD):    2.098ns
    Source Clock Delay      (SCD):    0.000ns
    Clock Pessimism Removal (CPR):    -0.000ns

    Location             Delay type                Incr(ns)  Path(ns)    Netlist Resource(s)
  -------------------------------------------------------------------    -------------------
    F20                                               0.000     0.000 r  btn (IN)
                         net (fo=0)                   0.000     0.000    btn
    F20                  IBUF (Prop_ibuf_I_O)         0.256     0.256 r  btn_IBUF_inst/O
                         net (fo=9, routed)           0.802     1.058    btn_IBUF
    SLICE_X0Y131         FDRE                                         r  led_reg[6]/R
  -------------------------------------------------------------------    -------------------

                         (clock sys_clk_pin rise edge)
                                                      0.000     0.000 r  
    V18                                               0.000     0.000 r  clk (IN)
                         net (fo=0)                   0.000     0.000    clk
    V18                  IBUF (Prop_ibuf_I_O)         0.439     0.439 r  clk_IBUF_inst/O
                         net (fo=1, routed)           0.689     1.127    clk_IBUF
    BUFGCTRL_X0Y0        BUFG (Prop_bufg_I_O)         0.029     1.156 r  clk_IBUF_BUFG_inst/O
                         net (fo=40, routed)          0.941     2.098    clk_IBUF_BUFG
    SLICE_X0Y131         FDRE                                         r  led_reg[6]/C





